,filename,n_samples,epoch,time,f1_macro,n_neighbors,metric,iteration
0,src3/2025-05-05-FacebookAI/roberta-base-1e-05-data,500,0,1.2954061031341553,0.553522651565623,19,l1,1.0
1,src3/2025-05-05-FacebookAI/roberta-base-1e-05-data,500,0,1.402602195739746,0.5157595796063473,14,cosine,2.0
2,src3/2025-05-05-FacebookAI/roberta-base-1e-05-data,500,0,1.4382479190826416,0.4836211194790603,15,cosine,3.0
3,src3/2025-05-05-FacebookAI/roberta-base-1e-05-data,1000,0,2.493927478790283,0.4796535504379353,17,l2,1.0
4,src3/2025-05-05-FacebookAI/roberta-base-1e-05-data,1000,0,2.748990058898926,0.5351564144667593,4,cosine,2.0
5,src3/2025-05-05-FacebookAI/roberta-base-1e-05-data,1000,0,2.638311624526977,0.5196460402342755,8,cosine,3.0
6,src3/2025-05-05-FacebookAI/roberta-base-1e-05-data,1500,0,4.283021926879883,0.5623092756044702,9,l1,1.0
7,src3/2025-05-05-FacebookAI/roberta-base-1e-05-data,1500,0,4.281028032302856,0.522452947919841,15,l1,2.0
8,src3/2025-05-05-FacebookAI/roberta-base-1e-05-data,1500,0,4.149101734161377,0.5431567651936396,8,cosine,3.0
9,src3/2025-05-05-FacebookAI/roberta-base-1e-05-data,500,1,1.668365478515625,0.5840287327360159,10,l2,1.0
10,src3/2025-05-05-FacebookAI/roberta-base-1e-05-data,500,1,1.3423802852630615,0.5684940642923836,19,l2,2.0
11,src3/2025-05-05-FacebookAI/roberta-base-1e-05-data,500,1,1.917886734008789,0.5478154179494835,14,cosine,3.0
12,src3/2025-05-05-FacebookAI/roberta-base-1e-05-data,1000,1,2.554755210876465,0.5371367877055961,16,l1,1.0
13,src3/2025-05-05-FacebookAI/roberta-base-1e-05-data,1000,1,2.7632274627685547,0.5934342558219323,10,l2,2.0
14,src3/2025-05-05-FacebookAI/roberta-base-1e-05-data,1000,1,3.079765558242798,0.554553558665679,13,l1,3.0
15,src3/2025-05-05-FacebookAI/roberta-base-1e-05-data,1500,1,3.345163583755493,0.5759523265009535,11,cosine,1.0
16,src3/2025-05-05-FacebookAI/roberta-base-1e-05-data,1500,1,3.480940818786621,0.585416437328144,15,l1,2.0
17,src3/2025-05-05-FacebookAI/roberta-base-1e-05-data,1500,1,6.001062870025635,0.5574237217813276,12,l2,3.0
18,src3/2025-05-05-FacebookAI/roberta-base-1e-05-data,500,2,1.1657493114471436,0.5645072003232503,17,cosine,1.0
19,src3/2025-05-05-FacebookAI/roberta-base-1e-05-data,500,2,1.2940897941589355,0.576949586981573,16,l1,2.0
20,src3/2025-05-05-FacebookAI/roberta-base-1e-05-data,500,2,2.1272964477539062,0.6205076352145403,15,l1,3.0
21,src3/2025-05-05-FacebookAI/roberta-base-1e-05-data,1000,2,2.876284599304199,0.5762574970752339,16,l1,1.0
22,src3/2025-05-05-FacebookAI/roberta-base-1e-05-data,1000,2,2.355656623840332,0.5777413509607042,13,l1,2.0
23,src3/2025-05-05-FacebookAI/roberta-base-1e-05-data,1000,2,3.442084789276123,0.5491048829950117,17,l2,3.0
24,src3/2025-05-05-FacebookAI/roberta-base-1e-05-data,1500,2,2.8511738777160645,0.5839215447649182,1,cosine,1.0
25,src3/2025-05-05-FacebookAI/roberta-base-1e-05-data,1500,2,3.1971240043640137,0.5474461923877004,13,l2,2.0
26,src3/2025-05-05-FacebookAI/roberta-base-1e-05-data,1500,2,4.184413433074951,0.6009678085627453,14,cosine,3.0
27,src3/2025-05-05-FacebookAI/roberta-base-1e-05-data,500,3,1.6268599033355713,0.6125216694856758,7,l1,1.0
28,src3/2025-05-05-FacebookAI/roberta-base-1e-05-data,500,3,1.1864428520202637,0.566934835591552,6,cosine,2.0
29,src3/2025-05-05-FacebookAI/roberta-base-1e-05-data,500,3,1.457860231399536,0.5447544229772744,14,l2,3.0
30,src3/2025-05-05-FacebookAI/roberta-base-1e-05-data,1000,3,2.618417501449585,0.5872118206229384,17,l2,1.0
31,src3/2025-05-05-FacebookAI/roberta-base-1e-05-data,1000,3,2.3479931354522705,0.6031303271479603,11,cosine,2.0
32,src3/2025-05-05-FacebookAI/roberta-base-1e-05-data,1000,3,2.372173309326172,0.5782270619690663,11,l2,3.0
33,src3/2025-05-05-FacebookAI/roberta-base-1e-05-data,1500,3,3.62402081489563,0.6174239127074163,9,l1,1.0
34,src3/2025-05-05-FacebookAI/roberta-base-1e-05-data,1500,3,4.737760066986084,0.6485168300488963,16,l1,2.0
35,src3/2025-05-05-FacebookAI/roberta-base-1e-05-data,1500,3,3.9164655208587646,0.6088286157742387,13,l1,3.0
36,src3/2025-05-05-FacebookAI/roberta-base-1e-05-data,500,4,1.766181707382202,0.5684335397917165,11,l1,1.0
37,src3/2025-05-05-FacebookAI/roberta-base-1e-05-data,500,4,1.499739408493042,0.5690993788819876,8,l1,2.0
38,src3/2025-05-05-FacebookAI/roberta-base-1e-05-data,500,4,1.4203569889068604,0.5986705643199067,19,l2,3.0
39,src3/2025-05-05-FacebookAI/roberta-base-1e-05-data,1000,4,2.463975429534912,0.5741701210948467,19,cosine,1.0
40,src3/2025-05-05-FacebookAI/roberta-base-1e-05-data,1000,4,2.554518938064575,0.5821417797888386,10,cosine,2.0
41,src3/2025-05-05-FacebookAI/roberta-base-1e-05-data,1000,4,3.1447949409484863,0.6878169659840818,12,l1,3.0
42,src3/2025-05-05-FacebookAI/roberta-base-1e-05-data,1500,4,4.515336036682129,0.5920704529049682,19,cosine,1.0
43,src3/2025-05-05-FacebookAI/roberta-base-1e-05-data,1500,4,2.735646247863769,0.6144230354756671,18,cosine,2.0
44,src3/2025-05-05-FacebookAI/roberta-base-1e-05-data,1500,4,3.824089765548706,0.6106301801118347,12,cosine,3.0
45,src3/2025-05-05-FacebookAI/roberta-base-1e-05-data,500,5,1.138573169708252,0.5956573917432093,16,cosine,1.0
46,src3/2025-05-05-FacebookAI/roberta-base-1e-05-data,500,5,1.1816785335540771,0.6000773101683956,17,cosine,2.0
47,src3/2025-05-05-FacebookAI/roberta-base-1e-05-data,500,5,1.6909520626068115,0.5952120418441662,8,cosine,3.0
48,src3/2025-05-05-FacebookAI/roberta-base-1e-05-data,1000,5,2.370138168334961,0.5648650682467377,17,l1,1.0
49,src3/2025-05-05-FacebookAI/roberta-base-1e-05-data,1000,5,2.254034280776977,0.6358575235757998,19,cosine,2.0
50,src3/2025-05-05-FacebookAI/roberta-base-1e-05-data,1000,5,2.353093147277832,0.5935140332233861,11,l1,3.0
51,src3/2025-05-05-FacebookAI/roberta-base-1e-05-data,1500,5,2.856208086013794,0.6282300128131787,19,cosine,1.0
52,src3/2025-05-05-FacebookAI/roberta-base-1e-05-data,1500,5,3.388014078140259,0.5975732827366221,14,cosine,2.0
53,src3/2025-05-05-FacebookAI/roberta-base-1e-05-data,1500,5,3.1813580989837646,0.6039410344310525,7,cosine,3.0
54,src3/2025-05-05-FacebookAI/roberta-base-2e-05-data,500,0,1.749845027923584,0.5059690764751231,10,l2,1.0
55,src3/2025-05-05-FacebookAI/roberta-base-2e-05-data,500,0,2.024714469909668,0.5364799345756177,19,l1,2.0
56,src3/2025-05-05-FacebookAI/roberta-base-2e-05-data,500,0,1.2727949619293213,0.5861456857455078,4,cosine,3.0
57,src3/2025-05-05-FacebookAI/roberta-base-2e-05-data,1000,0,2.6474385261535645,0.5037276622878027,3,l2,1.0
58,src3/2025-05-05-FacebookAI/roberta-base-2e-05-data,1000,0,2.2327210903167725,0.5163442114775288,1,l2,2.0
59,src3/2025-05-05-FacebookAI/roberta-base-2e-05-data,1000,0,1.9200561046600344,0.5476430976430976,9,cosine,3.0
60,src3/2025-05-05-FacebookAI/roberta-base-2e-05-data,1500,0,2.8533689975738525,0.5377521706679268,19,cosine,1.0
61,src3/2025-05-05-FacebookAI/roberta-base-2e-05-data,1500,0,3.5240237712860107,0.4989701861916318,16,l2,2.0
62,src3/2025-05-05-FacebookAI/roberta-base-2e-05-data,1500,0,3.78070592880249,0.5274902829250655,18,l2,3.0
63,src3/2025-05-05-FacebookAI/roberta-base-2e-05-data,500,1,1.367704153060913,0.5052389898807951,7,cosine,1.0
64,src3/2025-05-05-FacebookAI/roberta-base-2e-05-data,500,1,1.3646190166473389,0.5301607050892897,10,l2,2.0
65,src3/2025-05-05-FacebookAI/roberta-base-2e-05-data,500,1,1.3435657024383545,0.5629829959210816,11,cosine,3.0
66,src3/2025-05-05-FacebookAI/roberta-base-2e-05-data,1000,1,2.6544151306152344,0.5073943580065993,10,l2,1.0
67,src3/2025-05-05-FacebookAI/roberta-base-2e-05-data,1000,1,2.457598924636841,0.5557657911974966,19,l2,2.0
68,src3/2025-05-05-FacebookAI/roberta-base-2e-05-data,1000,1,2.634752988815308,0.5094325159004734,4,cosine,3.0
69,src3/2025-05-05-FacebookAI/roberta-base-2e-05-data,1500,1,3.7501840591430655,0.580744129493051,15,cosine,1.0
70,src3/2025-05-05-FacebookAI/roberta-base-2e-05-data,1500,1,3.658937692642212,0.5047358121330724,8,cosine,2.0
71,src3/2025-05-05-FacebookAI/roberta-base-2e-05-data,1500,1,4.165244817733765,0.557177760562541,6,cosine,3.0
72,src3/2025-05-05-FacebookAI/roberta-base-2e-05-data,500,2,1.6322414875030518,0.6113679334632552,5,l2,1.0
73,src3/2025-05-05-FacebookAI/roberta-base-2e-05-data,500,2,1.265683889389038,0.5073815073815074,8,l1,2.0
74,src3/2025-05-05-FacebookAI/roberta-base-2e-05-data,500,2,1.2087159156799316,0.5658096278154168,11,l1,3.0
75,src3/2025-05-05-FacebookAI/roberta-base-2e-05-data,1000,2,3.529085874557495,0.6133819412722396,17,l2,1.0
76,src3/2025-05-05-FacebookAI/roberta-base-2e-05-data,1000,2,2.608656883239746,0.5668152942789166,12,cosine,2.0
77,src3/2025-05-05-FacebookAI/roberta-base-2e-05-data,1000,2,2.5759785175323486,0.6682840044727684,14,cosine,3.0
78,src3/2025-05-05-FacebookAI/roberta-base-2e-05-data,1500,2,3.294125556945801,0.581329989464928,8,l2,1.0
79,src3/2025-05-05-FacebookAI/roberta-base-2e-05-data,1500,2,3.461109399795532,0.5767004288208119,14,l1,2.0
80,src3/2025-05-05-FacebookAI/roberta-base-2e-05-data,1500,2,4.709516525268555,0.6512024494699921,12,cosine,3.0
81,src3/2025-05-05-FacebookAI/roberta-base-2e-05-data,500,3,1.0398075580596924,0.6248734391405836,6,cosine,1.0
82,src3/2025-05-05-FacebookAI/roberta-base-2e-05-data,500,3,1.4614999294281006,0.5504633340012022,7,l1,2.0
83,src3/2025-05-05-FacebookAI/roberta-base-2e-05-data,500,3,1.2974767684936523,0.5801915473993416,15,cosine,3.0
84,src3/2025-05-05-FacebookAI/roberta-base-2e-05-data,1000,3,2.428961038589477,0.6302176750452613,10,l1,1.0
85,src3/2025-05-05-FacebookAI/roberta-base-2e-05-data,1000,3,2.430660009384156,0.5932806834994294,18,cosine,2.0
86,src3/2025-05-05-FacebookAI/roberta-base-2e-05-data,1000,3,2.7450575828552246,0.639908920013768,19,l1,3.0
87,src3/2025-05-05-FacebookAI/roberta-base-2e-05-data,1500,3,3.3449511528015137,0.5416875665708941,7,l2,1.0
88,src3/2025-05-05-FacebookAI/roberta-base-2e-05-data,1500,3,4.213951110839844,0.5842920516236988,14,l1,2.0
89,src3/2025-05-05-FacebookAI/roberta-base-2e-05-data,1500,3,4.05742621421814,0.6103483712995093,14,l2,3.0
90,src3/2025-05-05-FacebookAI/roberta-base-2e-05-data,500,4,1.624619483947754,0.586245408589817,5,l1,1.0
91,src3/2025-05-05-FacebookAI/roberta-base-2e-05-data,500,4,1.4642837047576904,0.6321228704445965,11,cosine,2.0
92,src3/2025-05-05-FacebookAI/roberta-base-2e-05-data,500,4,1.660297393798828,0.6538418423379344,16,l2,3.0
93,src3/2025-05-05-FacebookAI/roberta-base-2e-05-data,1000,4,2.7245709896087646,0.6100971588729089,13,l1,1.0
94,src3/2025-05-05-FacebookAI/roberta-base-2e-05-data,1000,4,2.6078405380249023,0.6784098384098384,11,l1,2.0
95,src3/2025-05-05-FacebookAI/roberta-base-2e-05-data,1000,4,2.60754656791687,0.6182394107219334,13,l1,3.0
96,src3/2025-05-05-FacebookAI/roberta-base-2e-05-data,1500,4,3.027616500854492,0.6377337201805288,11,cosine,1.0
97,src3/2025-05-05-FacebookAI/roberta-base-2e-05-data,1500,4,2.8431220054626465,0.5515521057316722,15,l2,2.0
98,src3/2025-05-05-FacebookAI/roberta-base-2e-05-data,1500,4,4.970319747924805,0.6417265955342065,17,l1,3.0
99,src3/2025-05-05-FacebookAI/roberta-base-2e-05-data,500,5,1.5793147087097168,0.651599667538365,9,l1,1.0
100,src3/2025-05-05-FacebookAI/roberta-base-2e-05-data,500,5,2.353048324584961,0.6019808720894643,13,l1,2.0
101,src3/2025-05-05-FacebookAI/roberta-base-2e-05-data,500,5,1.4532761573791504,0.6422491338153989,14,l1,3.0
102,src3/2025-05-05-FacebookAI/roberta-base-2e-05-data,1000,5,3.2214114665985107,0.6676625916324106,10,l1,1.0
103,src3/2025-05-05-FacebookAI/roberta-base-2e-05-data,1000,5,2.728581428527832,0.5726443355119826,18,l1,2.0
104,src3/2025-05-05-FacebookAI/roberta-base-2e-05-data,1000,5,2.8249306678771973,0.5920611922930091,9,l1,3.0
105,src3/2025-05-05-FacebookAI/roberta-base-2e-05-data,1500,5,4.003873109817505,0.6158312778952314,9,cosine,1.0
106,src3/2025-05-05-FacebookAI/roberta-base-2e-05-data,1500,5,5.459749937057495,0.6011980318911011,10,l2,2.0
107,src3/2025-05-05-FacebookAI/roberta-base-2e-05-data,1500,5,3.881944179534912,0.6064847717007137,18,l1,3.0
108,src3/2025-05-05-FacebookAI/roberta-base-5e-05-data,500,0,1.117821216583252,0.4750763650525618,16,l2,1.0
109,src3/2025-05-05-FacebookAI/roberta-base-5e-05-data,500,0,1.1923332214355469,0.518473715651135,9,l1,2.0
110,src3/2025-05-05-FacebookAI/roberta-base-5e-05-data,500,0,1.1091673374176023,0.59250571293866,14,cosine,3.0
111,src3/2025-05-05-FacebookAI/roberta-base-5e-05-data,1000,0,2.125088214874268,0.4701260975770779,3,l2,1.0
112,src3/2025-05-05-FacebookAI/roberta-base-5e-05-data,1000,0,3.1101508140563965,0.4961620002471452,3,l2,2.0
113,src3/2025-05-05-FacebookAI/roberta-base-5e-05-data,1000,0,2.358190059661865,0.496770952661647,7,l2,3.0
114,src3/2025-05-05-FacebookAI/roberta-base-5e-05-data,1500,0,5.514392852783203,0.5176158636734357,9,cosine,1.0
115,src3/2025-05-05-FacebookAI/roberta-base-5e-05-data,1500,0,3.5419139862060547,0.5308574900168644,5,cosine,2.0
116,src3/2025-05-05-FacebookAI/roberta-base-5e-05-data,1500,0,3.239075183868408,0.5177563623726367,18,l1,3.0
117,src3/2025-05-05-FacebookAI/roberta-base-5e-05-data,500,1,1.400068759918213,0.5393283062094829,10,l1,1.0
118,src3/2025-05-05-FacebookAI/roberta-base-5e-05-data,500,1,1.3101027011871338,0.5657452460482365,13,l2,2.0
119,src3/2025-05-05-FacebookAI/roberta-base-5e-05-data,500,1,1.3748083114624023,0.5519166903277662,16,l2,3.0
120,src3/2025-05-05-FacebookAI/roberta-base-5e-05-data,1000,1,1.9180195331573489,0.5614718010294788,7,cosine,1.0
121,src3/2025-05-05-FacebookAI/roberta-base-5e-05-data,1000,1,2.8677761554718018,0.560084406236539,18,cosine,2.0
122,src3/2025-05-05-FacebookAI/roberta-base-5e-05-data,1000,1,1.9410715103149407,0.5635938270492621,18,cosine,3.0
123,src3/2025-05-05-FacebookAI/roberta-base-5e-05-data,1500,1,3.43707275390625,0.4863278905434554,17,l2,1.0
124,src3/2025-05-05-FacebookAI/roberta-base-5e-05-data,1500,1,3.4980452060699463,0.6027732914438487,19,l2,2.0
125,src3/2025-05-05-FacebookAI/roberta-base-5e-05-data,1500,1,4.19352388381958,0.6480486523816679,13,l1,3.0
126,src3/2025-05-05-FacebookAI/roberta-base-5e-05-data,500,2,1.3324306011199951,0.5860536517111662,10,cosine,1.0
127,src3/2025-05-05-FacebookAI/roberta-base-5e-05-data,500,2,1.356159210205078,0.5604264743250466,17,cosine,2.0
128,src3/2025-05-05-FacebookAI/roberta-base-5e-05-data,500,2,1.3557133674621582,0.6413992046853682,16,cosine,3.0
129,src3/2025-05-05-FacebookAI/roberta-base-5e-05-data,1000,2,2.7858657836914062,0.6044988118140164,10,l2,1.0
130,src3/2025-05-05-FacebookAI/roberta-base-5e-05-data,1000,2,2.782050609588623,0.5903652889068235,19,l1,2.0
131,src3/2025-05-05-FacebookAI/roberta-base-5e-05-data,1000,2,2.378506898880005,0.5486839329471139,10,l2,3.0
132,src3/2025-05-05-FacebookAI/roberta-base-5e-05-data,1500,2,4.1821043491363525,0.6115583998531976,16,l1,1.0
133,src3/2025-05-05-FacebookAI/roberta-base-5e-05-data,1500,2,3.435307264328003,0.522455809815026,15,l1,2.0
134,src3/2025-05-05-FacebookAI/roberta-base-5e-05-data,1500,2,4.749496221542358,0.642500738724995,14,cosine,3.0
135,src3/2025-05-05-FacebookAI/roberta-base-5e-05-data,500,3,1.4650583267211914,0.5842365281447675,14,cosine,1.0
136,src3/2025-05-05-FacebookAI/roberta-base-5e-05-data,500,3,1.2906739711761477,0.5862889404173807,14,cosine,2.0
137,src3/2025-05-05-FacebookAI/roberta-base-5e-05-data,500,3,1.1691412925720217,0.5994604582409461,11,cosine,3.0
138,src3/2025-05-05-FacebookAI/roberta-base-5e-05-data,1000,3,2.378169536590576,0.5644913979415992,17,l1,1.0
139,src3/2025-05-05-FacebookAI/roberta-base-5e-05-data,1000,3,2.3394017219543457,0.5795006107206503,11,l1,2.0
140,src3/2025-05-05-FacebookAI/roberta-base-5e-05-data,1000,3,2.604334115982056,0.5939027168327772,9,l1,3.0
141,src3/2025-05-05-FacebookAI/roberta-base-5e-05-data,1500,3,3.3439297676086426,0.5988469797130818,17,l1,1.0
142,src3/2025-05-05-FacebookAI/roberta-base-5e-05-data,1500,3,4.638808488845825,0.6435257520093466,15,l2,2.0
143,src3/2025-05-05-FacebookAI/roberta-base-5e-05-data,1500,3,4.986869096755981,0.5977614605945074,11,l2,3.0
144,src3/2025-05-05-FacebookAI/roberta-base-5e-05-data,500,4,1.4247386455535889,0.573629713198402,16,l1,1.0
145,src3/2025-05-05-FacebookAI/roberta-base-5e-05-data,500,4,1.3426108360290527,0.5952131159037162,12,l1,2.0
146,src3/2025-05-05-FacebookAI/roberta-base-5e-05-data,500,4,1.4338984489440918,0.6023376288184651,14,l1,3.0
147,src3/2025-05-05-FacebookAI/roberta-base-5e-05-data,1000,4,2.756819486618042,0.6621759882629448,13,l1,1.0
148,src3/2025-05-05-FacebookAI/roberta-base-5e-05-data,1000,4,4.142845153808594,0.5502295931743785,19,cosine,2.0
149,src3/2025-05-05-FacebookAI/roberta-base-5e-05-data,1000,4,2.38450026512146,0.5705533812259547,18,l1,3.0
150,src3/2025-05-05-FacebookAI/roberta-base-5e-05-data,1500,4,3.873824834823608,0.6282059778646696,19,cosine,1.0
151,src3/2025-05-05-FacebookAI/roberta-base-5e-05-data,1500,4,3.958487033843994,0.5906497242312582,12,l1,2.0
152,src3/2025-05-05-FacebookAI/roberta-base-5e-05-data,1500,4,2.7013394832611084,0.591770858970204,16,cosine,3.0
153,src3/2025-05-05-FacebookAI/roberta-base-5e-05-data,500,5,1.2117979526519775,0.6626084065279433,15,l1,1.0
154,src3/2025-05-05-FacebookAI/roberta-base-5e-05-data,500,5,1.3945393562316897,0.6489154692183969,18,l1,2.0
155,src3/2025-05-05-FacebookAI/roberta-base-5e-05-data,500,5,1.6869664192199707,0.6151904129059619,16,cosine,3.0
156,src3/2025-05-05-FacebookAI/roberta-base-5e-05-data,1000,5,2.2485673427581787,0.5500596625596625,7,l1,1.0
157,src3/2025-05-05-FacebookAI/roberta-base-5e-05-data,1000,5,2.3973946571350098,0.5562926058904238,13,cosine,2.0
158,src3/2025-05-05-FacebookAI/roberta-base-5e-05-data,1000,5,3.043271541595459,0.5856301596546208,11,cosine,3.0
159,src3/2025-05-05-FacebookAI/roberta-base-5e-05-data,1500,5,3.2952029705047607,0.6036695338512764,5,l2,1.0
160,src3/2025-05-05-FacebookAI/roberta-base-5e-05-data,1500,5,2.753968477249145,0.618974048738114,11,cosine,2.0
161,src3/2025-05-05-FacebookAI/roberta-base-5e-05-data,1500,5,2.846750497817993,0.5496585064005878,16,cosine,3.0
162,src3/2025-05-05-FacebookAI/roberta-base-5e-06-data,500,0,1.2850327491760254,0.4749802196448537,19,cosine,1.0
163,src3/2025-05-05-FacebookAI/roberta-base-5e-06-data,500,0,1.4172375202178955,0.5369651187446989,18,l2,2.0
164,src3/2025-05-05-FacebookAI/roberta-base-5e-06-data,500,0,2.2721471786499023,0.5473782251073658,11,l2,3.0
165,src3/2025-05-05-FacebookAI/roberta-base-5e-06-data,1000,0,2.619415760040283,0.4380739415623136,3,l2,1.0
166,src3/2025-05-05-FacebookAI/roberta-base-5e-06-data,1000,0,2.4751553535461426,0.476326946680813,4,l2,2.0
167,src3/2025-05-05-FacebookAI/roberta-base-5e-06-data,1000,0,3.172816038131714,0.4883186397948021,7,cosine,3.0
168,src3/2025-05-05-FacebookAI/roberta-base-5e-06-data,1500,0,3.274878740310669,0.4397576450380505,2,cosine,1.0
169,src3/2025-05-05-FacebookAI/roberta-base-5e-06-data,1500,0,3.485143184661865,0.4360682467772692,5,l2,2.0
170,src3/2025-05-05-FacebookAI/roberta-base-5e-06-data,1500,0,3.2303333282470703,0.482495126705653,9,cosine,3.0
171,src3/2025-05-05-FacebookAI/roberta-base-5e-06-data,500,1,1.4134621620178225,0.5644816832236601,15,l1,1.0
172,src3/2025-05-05-FacebookAI/roberta-base-5e-06-data,500,1,1.831336498260498,0.4516952617354375,4,cosine,2.0
173,src3/2025-05-05-FacebookAI/roberta-base-5e-06-data,500,1,1.2702903747558594,0.4613749954130123,14,l1,3.0
174,src3/2025-05-05-FacebookAI/roberta-base-5e-06-data,1000,1,2.1191844940185547,0.4760879809599775,5,l2,1.0
175,src3/2025-05-05-FacebookAI/roberta-base-5e-06-data,1000,1,2.7339956760406494,0.4807493513375866,16,l2,2.0
176,src3/2025-05-05-FacebookAI/roberta-base-5e-06-data,1000,1,3.2239978313446045,0.4791153253349575,18,cosine,3.0
177,src3/2025-05-05-FacebookAI/roberta-base-5e-06-data,1500,1,3.881864547729492,0.5467924649401495,19,l1,1.0
178,src3/2025-05-05-FacebookAI/roberta-base-5e-06-data,1500,1,4.076326370239258,0.4702786702786703,19,l2,2.0
179,src3/2025-05-05-FacebookAI/roberta-base-5e-06-data,1500,1,4.437599182128906,0.5306209637357179,18,cosine,3.0
180,src3/2025-05-05-FacebookAI/roberta-base-5e-06-data,500,2,1.444896221160889,0.5650693989538106,18,cosine,1.0
181,src3/2025-05-05-FacebookAI/roberta-base-5e-06-data,500,2,1.1576929092407229,0.5335994592397212,19,cosine,2.0
182,src3/2025-05-05-FacebookAI/roberta-base-5e-06-data,500,2,1.2319602966308594,0.5541537623221814,18,l2,3.0
183,src3/2025-05-05-FacebookAI/roberta-base-5e-06-data,1000,2,3.3782172203063965,0.5257997100693731,15,l1,1.0
184,src3/2025-05-05-FacebookAI/roberta-base-5e-06-data,1000,2,2.8878188133239746,0.5306762812549012,5,l2,2.0
185,src3/2025-05-05-FacebookAI/roberta-base-5e-06-data,1000,2,4.017206192016602,0.5444208909792736,18,l2,3.0
186,src3/2025-05-05-FacebookAI/roberta-base-5e-06-data,1500,2,3.25010633468628,0.5508734499342917,13,l1,1.0
187,src3/2025-05-05-FacebookAI/roberta-base-5e-06-data,1500,2,3.243137121200561,0.4981133327954137,9,l2,2.0
188,src3/2025-05-05-FacebookAI/roberta-base-5e-06-data,1500,2,4.385065317153931,0.5358087306155822,9,l1,3.0
189,src3/2025-05-05-FacebookAI/roberta-base-5e-06-data,500,3,1.3701131343841553,0.5470032643478768,14,l2,1.0
190,src3/2025-05-05-FacebookAI/roberta-base-5e-06-data,500,3,1.6845648288726809,0.5319724242496688,15,l1,2.0
191,src3/2025-05-05-FacebookAI/roberta-base-5e-06-data,500,3,1.2589433193206787,0.5309619519222527,18,l1,3.0
192,src3/2025-05-05-FacebookAI/roberta-base-5e-06-data,1000,3,2.020504713058472,0.4746125734848701,19,l1,1.0
193,src3/2025-05-05-FacebookAI/roberta-base-5e-06-data,1000,3,2.0959455966949463,0.5716805680773973,13,cosine,2.0
194,src3/2025-05-05-FacebookAI/roberta-base-5e-06-data,1000,3,2.493904590606689,0.5193973275734282,2,l1,3.0
195,src3/2025-05-05-FacebookAI/roberta-base-5e-06-data,1500,3,3.5201528072357178,0.5703896075252809,15,cosine,1.0
196,src3/2025-05-05-FacebookAI/roberta-base-5e-06-data,1500,3,4.350566387176514,0.5474802747032569,19,cosine,2.0
197,src3/2025-05-05-FacebookAI/roberta-base-5e-06-data,1500,3,3.365295886993408,0.5400874606347533,12,cosine,3.0
198,src3/2025-05-05-FacebookAI/roberta-base-5e-06-data,500,4,1.489356279373169,0.6042898826645696,17,cosine,1.0
199,src3/2025-05-05-FacebookAI/roberta-base-5e-06-data,500,4,1.429023265838623,0.6271507791443353,14,l1,2.0
200,src3/2025-05-05-FacebookAI/roberta-base-5e-06-data,500,4,1.1786696910858154,0.5557680523433949,8,cosine,3.0
201,src3/2025-05-05-FacebookAI/roberta-base-5e-06-data,1000,4,3.4243524074554443,0.6165824915824916,15,cosine,1.0
202,src3/2025-05-05-FacebookAI/roberta-base-5e-06-data,1000,4,2.176966667175293,0.5810779617430984,15,l2,2.0
203,src3/2025-05-05-FacebookAI/roberta-base-5e-06-data,1000,4,2.1137287616729736,0.5966219418322767,9,l1,3.0
204,src3/2025-05-05-FacebookAI/roberta-base-5e-06-data,1500,4,2.794774055480957,0.5643574272309776,17,cosine,1.0
205,src3/2025-05-05-FacebookAI/roberta-base-5e-06-data,1500,4,4.359241247177124,0.5139324134347708,16,cosine,2.0
206,src3/2025-05-05-FacebookAI/roberta-base-5e-06-data,1500,4,3.4724836349487305,0.5632787954481874,13,l1,3.0
207,src3/2025-05-05-FacebookAI/roberta-base-5e-06-data,500,5,1.3510797023773191,0.5949051013370875,11,l2,1.0
208,src3/2025-05-05-FacebookAI/roberta-base-5e-06-data,500,5,1.4333710670471191,0.5880608153204997,16,l1,2.0
209,src3/2025-05-05-FacebookAI/roberta-base-5e-06-data,500,5,1.2505056858062744,0.6260845537441281,11,l1,3.0
210,src3/2025-05-05-FacebookAI/roberta-base-5e-06-data,1000,5,2.358194589614868,0.5596918255884963,19,l2,1.0
211,src3/2025-05-05-FacebookAI/roberta-base-5e-06-data,1000,5,2.6031641960144043,0.5959965458763797,14,l2,2.0
212,src3/2025-05-05-FacebookAI/roberta-base-5e-06-data,1000,5,2.752593755722046,0.5371968660614351,18,l1,3.0
213,src3/2025-05-05-FacebookAI/roberta-base-5e-06-data,1500,5,4.299933671951294,0.5706732054140535,12,l2,1.0
214,src3/2025-05-05-FacebookAI/roberta-base-5e-06-data,1500,5,4.752017498016357,0.5654169493525264,16,l2,2.0
215,src3/2025-05-05-FacebookAI/roberta-base-5e-06-data,1500,5,3.667025804519653,0.546602703781217,17,cosine,3.0
216,src3/2025-05-05-answerdotai/ModernBERT-base-1e-05-data,500,0,1.0926368236541748,0.3817039161369404,18,cosine,1.0
217,src3/2025-05-05-answerdotai/ModernBERT-base-1e-05-data,500,0,1.3333969116210938,0.4685818468637905,11,l1,2.0
218,src3/2025-05-05-answerdotai/ModernBERT-base-1e-05-data,500,0,1.5704972743988037,0.4508963746624762,1,l2,3.0
219,src3/2025-05-05-answerdotai/ModernBERT-base-1e-05-data,1000,0,2.493246555328369,0.4071312828249565,3,l1,1.0
220,src3/2025-05-05-answerdotai/ModernBERT-base-1e-05-data,1000,0,2.3210020065307617,0.4416974186870164,17,l1,2.0
221,src3/2025-05-05-answerdotai/ModernBERT-base-1e-05-data,1000,0,2.5978007316589355,0.4363334701696771,4,l1,3.0
222,src3/2025-05-05-answerdotai/ModernBERT-base-1e-05-data,1500,0,3.236877918243408,0.4027042575826238,9,l1,1.0
223,src3/2025-05-05-answerdotai/ModernBERT-base-1e-05-data,1500,0,3.058665990829468,0.4298754330269605,4,cosine,2.0
224,src3/2025-05-05-answerdotai/ModernBERT-base-1e-05-data,1500,0,3.4631223678588867,0.4055433603703184,18,cosine,3.0
225,src3/2025-05-05-answerdotai/ModernBERT-base-1e-05-data,500,1,1.1700115203857422,0.3696575154787867,3,l1,1.0
226,src3/2025-05-05-answerdotai/ModernBERT-base-1e-05-data,500,1,1.032545566558838,0.3876347467832784,3,cosine,2.0
227,src3/2025-05-05-answerdotai/ModernBERT-base-1e-05-data,500,1,1.307666301727295,0.4036036036036036,1,l2,3.0
228,src3/2025-05-05-answerdotai/ModernBERT-base-1e-05-data,1000,1,1.9182674884796145,0.4154707763640737,1,cosine,1.0
229,src3/2025-05-05-answerdotai/ModernBERT-base-1e-05-data,1000,1,2.063347816467285,0.3673068819922778,4,cosine,2.0
230,src3/2025-05-05-answerdotai/ModernBERT-base-1e-05-data,1000,1,2.424551248550415,0.4145118586086884,3,cosine,3.0
231,src3/2025-05-05-answerdotai/ModernBERT-base-1e-05-data,1500,1,4.62105393409729,0.4025485677470512,8,l2,1.0
232,src3/2025-05-05-answerdotai/ModernBERT-base-1e-05-data,1500,1,4.960498332977295,0.4625182895407666,1,l1,2.0
233,src3/2025-05-05-answerdotai/ModernBERT-base-1e-05-data,1500,1,3.705632925033569,0.4612105017325469,1,l2,3.0
234,src3/2025-05-05-answerdotai/ModernBERT-base-1e-05-data,500,2,1.562678337097168,0.4808939357162707,5,l1,1.0
235,src3/2025-05-05-answerdotai/ModernBERT-base-1e-05-data,500,2,1.3565168380737305,0.5826041333803474,7,l1,2.0
236,src3/2025-05-05-answerdotai/ModernBERT-base-1e-05-data,500,2,1.6274075508117676,0.5087052416274428,14,l2,3.0
237,src3/2025-05-05-answerdotai/ModernBERT-base-1e-05-data,1000,2,3.5140507221221924,0.4903896517956776,7,l1,1.0
238,src3/2025-05-05-answerdotai/ModernBERT-base-1e-05-data,1000,2,2.7523512840271,0.464813138497349,19,l2,2.0
239,src3/2025-05-05-answerdotai/ModernBERT-base-1e-05-data,1000,2,2.0924034118652344,0.4797735078436833,11,l1,3.0
240,src3/2025-05-05-answerdotai/ModernBERT-base-1e-05-data,1500,2,2.917381048202514,0.5415782305431923,11,cosine,1.0
241,src3/2025-05-05-answerdotai/ModernBERT-base-1e-05-data,1500,2,4.393433809280396,0.4658253100876051,5,l1,2.0
242,src3/2025-05-05-answerdotai/ModernBERT-base-1e-05-data,1500,2,3.27355432510376,0.5232169006496502,19,l2,3.0
243,src3/2025-05-05-answerdotai/ModernBERT-base-1e-05-data,500,3,1.1593167781829834,0.5296416165256044,1,l2,1.0
244,src3/2025-05-05-answerdotai/ModernBERT-base-1e-05-data,500,3,1.3413453102111816,0.4891271322799436,19,cosine,2.0
245,src3/2025-05-05-answerdotai/ModernBERT-base-1e-05-data,500,3,1.2748372554779053,0.487432555367338,13,l1,3.0
246,src3/2025-05-05-answerdotai/ModernBERT-base-1e-05-data,1000,3,2.7909536361694336,0.504988595633757,18,l1,1.0
247,src3/2025-05-05-answerdotai/ModernBERT-base-1e-05-data,1000,3,2.478623867034912,0.517833544901214,7,l1,2.0
248,src3/2025-05-05-answerdotai/ModernBERT-base-1e-05-data,1000,3,2.5786657333374023,0.5363648041104688,14,l1,3.0
249,src3/2025-05-05-answerdotai/ModernBERT-base-1e-05-data,1500,3,3.9015724658966064,0.545051969329426,7,l2,1.0
250,src3/2025-05-05-answerdotai/ModernBERT-base-1e-05-data,1500,3,7.285742521286011,0.4982604365222468,12,cosine,2.0
251,src3/2025-05-05-answerdotai/ModernBERT-base-1e-05-data,1500,3,3.8528590202331534,0.5046681770980835,9,l2,3.0
252,src3/2025-05-05-answerdotai/ModernBERT-base-1e-05-data,500,4,1.2736356258392334,0.4826943719784982,17,cosine,1.0
253,src3/2025-05-05-answerdotai/ModernBERT-base-1e-05-data,500,4,2.0258452892303467,0.4975084175084174,8,l2,2.0
254,src3/2025-05-05-answerdotai/ModernBERT-base-1e-05-data,500,4,1.252818584442139,0.5443762778375926,11,l1,3.0
255,src3/2025-05-05-answerdotai/ModernBERT-base-1e-05-data,1000,4,2.474361181259156,0.5145718438891956,8,l1,1.0
256,src3/2025-05-05-answerdotai/ModernBERT-base-1e-05-data,1000,4,3.2933449745178223,0.5185675402102342,16,l1,2.0
257,src3/2025-05-05-answerdotai/ModernBERT-base-1e-05-data,1000,4,2.9984819889068604,0.5420979597829518,11,l2,3.0
258,src3/2025-05-05-answerdotai/ModernBERT-base-1e-05-data,1500,4,3.0226917266845703,0.5199839432186741,17,cosine,1.0
259,src3/2025-05-05-answerdotai/ModernBERT-base-1e-05-data,1500,4,2.996085405349731,0.5604570697659438,16,l1,2.0
260,src3/2025-05-05-answerdotai/ModernBERT-base-1e-05-data,1500,4,3.4368646144866943,0.5123897707231041,18,cosine,3.0
261,src3/2025-05-05-answerdotai/ModernBERT-base-1e-05-data,500,5,1.209380865097046,0.5009505448898172,14,l1,1.0
262,src3/2025-05-05-answerdotai/ModernBERT-base-1e-05-data,500,5,1.1086812019348145,0.5029747673683518,17,cosine,2.0
263,src3/2025-05-05-answerdotai/ModernBERT-base-1e-05-data,500,5,1.6453211307525637,0.4939042638724318,11,l1,3.0
264,src3/2025-05-05-answerdotai/ModernBERT-base-1e-05-data,1000,5,2.3627755641937256,0.4986028501484646,17,cosine,1.0
265,src3/2025-05-05-answerdotai/ModernBERT-base-1e-05-data,1000,5,2.610259771347046,0.5873873986418607,14,l1,2.0
266,src3/2025-05-05-answerdotai/ModernBERT-base-1e-05-data,1000,5,2.3765759468078613,0.469464886192465,19,cosine,3.0
267,src3/2025-05-05-answerdotai/ModernBERT-base-1e-05-data,1500,5,3.844404935836792,0.4699387221996156,19,l2,1.0
268,src3/2025-05-05-answerdotai/ModernBERT-base-1e-05-data,1500,5,2.7874844074249268,0.5402831632886909,17,cosine,2.0
269,src3/2025-05-05-answerdotai/ModernBERT-base-1e-05-data,1500,5,2.697633981704712,0.5701501582819158,15,cosine,3.0
270,src3/2025-05-05-answerdotai/ModernBERT-base-2e-05-data,500,0,1.4931111335754397,0.35162178419796,1,l1,1.0
271,src3/2025-05-05-answerdotai/ModernBERT-base-2e-05-data,500,0,1.175701141357422,0.4237161183399236,16,cosine,2.0
272,src3/2025-05-05-answerdotai/ModernBERT-base-2e-05-data,500,0,1.2570133209228516,0.3734982122583159,8,cosine,3.0
273,src3/2025-05-05-answerdotai/ModernBERT-base-2e-05-data,1000,0,1.9353055953979488,0.4716149297856615,10,cosine,1.0
274,src3/2025-05-05-answerdotai/ModernBERT-base-2e-05-data,1000,0,2.355933904647827,0.4281140658124325,13,l1,2.0
275,src3/2025-05-05-answerdotai/ModernBERT-base-2e-05-data,1000,0,3.833149671554565,0.3846930384858229,14,l1,3.0
276,src3/2025-05-05-answerdotai/ModernBERT-base-2e-05-data,1500,0,2.545112609863281,0.4397886756299889,3,cosine,1.0
277,src3/2025-05-05-answerdotai/ModernBERT-base-2e-05-data,1500,0,4.024111986160278,0.4285160107825517,10,l2,2.0
278,src3/2025-05-05-answerdotai/ModernBERT-base-2e-05-data,1500,0,3.175349235534668,0.4594849210331532,18,cosine,3.0
279,src3/2025-05-05-answerdotai/ModernBERT-base-2e-05-data,500,1,1.378253698348999,0.3943842502957237,15,l1,1.0
280,src3/2025-05-05-answerdotai/ModernBERT-base-2e-05-data,500,1,1.026611566543579,0.4140217898203568,5,l2,2.0
281,src3/2025-05-05-answerdotai/ModernBERT-base-2e-05-data,500,1,1.1951818466186523,0.4602356527829275,1,l2,3.0
282,src3/2025-05-05-answerdotai/ModernBERT-base-2e-05-data,1000,1,2.371057748794556,0.4321509618035672,19,l2,1.0
283,src3/2025-05-05-answerdotai/ModernBERT-base-2e-05-data,1000,1,2.7190916538238525,0.4751254480286738,3,l2,2.0
284,src3/2025-05-05-answerdotai/ModernBERT-base-2e-05-data,1000,1,1.9430475234985352,0.4298526529043101,10,cosine,3.0
285,src3/2025-05-05-answerdotai/ModernBERT-base-2e-05-data,1500,1,3.8048713207244873,0.5054738562091503,5,l2,1.0
286,src3/2025-05-05-answerdotai/ModernBERT-base-2e-05-data,1500,1,4.326133489608765,0.444073725161808,17,cosine,2.0
287,src3/2025-05-05-answerdotai/ModernBERT-base-2e-05-data,1500,1,3.292468309402466,0.4771712375206775,12,l2,3.0
288,src3/2025-05-05-answerdotai/ModernBERT-base-2e-05-data,500,2,1.2305521965026855,0.526550857497149,16,l2,1.0
289,src3/2025-05-05-answerdotai/ModernBERT-base-2e-05-data,500,2,1.5254886150360107,0.4882052269424541,19,cosine,2.0
290,src3/2025-05-05-answerdotai/ModernBERT-base-2e-05-data,500,2,1.1346774101257324,0.4192763536818187,13,cosine,3.0
291,src3/2025-05-05-answerdotai/ModernBERT-base-2e-05-data,1000,2,2.321998357772827,0.4142209531659357,14,cosine,1.0
292,src3/2025-05-05-answerdotai/ModernBERT-base-2e-05-data,1000,2,1.9041266441345213,0.4311035350191976,7,cosine,2.0
293,src3/2025-05-05-answerdotai/ModernBERT-base-2e-05-data,1000,2,2.506367921829224,0.5037766712496662,14,l2,3.0
294,src3/2025-05-05-answerdotai/ModernBERT-base-2e-05-data,1500,2,3.7398314476013184,0.4518000518000518,6,l1,1.0
295,src3/2025-05-05-answerdotai/ModernBERT-base-2e-05-data,1500,2,3.304185390472412,0.4545759128703153,17,l1,2.0
296,src3/2025-05-05-answerdotai/ModernBERT-base-2e-05-data,1500,2,3.6478097438812256,0.5430245076787089,5,l2,3.0
297,src3/2025-05-05-answerdotai/ModernBERT-base-2e-05-data,500,3,1.872864007949829,0.4750101783995855,6,l1,1.0
298,src3/2025-05-05-answerdotai/ModernBERT-base-2e-05-data,500,3,1.3270971775054932,0.5011027496031314,19,cosine,2.0
299,src3/2025-05-05-answerdotai/ModernBERT-base-2e-05-data,500,3,1.4739525318145752,0.4556713065871063,7,l2,3.0
300,src3/2025-05-05-answerdotai/ModernBERT-base-2e-05-data,1000,3,1.7815706729888916,0.565385651432163,17,cosine,1.0
301,src3/2025-05-05-answerdotai/ModernBERT-base-2e-05-data,1000,3,1.878978967666626,0.5428425665305807,16,cosine,2.0
302,src3/2025-05-05-answerdotai/ModernBERT-base-2e-05-data,1000,3,3.802164316177368,0.5116110368845717,16,l1,3.0
303,src3/2025-05-05-answerdotai/ModernBERT-base-2e-05-data,1500,3,2.80130386352539,0.5063195275961233,10,l2,1.0
304,src3/2025-05-05-answerdotai/ModernBERT-base-2e-05-data,1500,3,4.781380653381348,0.4532557280118256,17,l1,2.0
305,src3/2025-05-05-answerdotai/ModernBERT-base-2e-05-data,1500,3,3.640244007110596,0.548946218807304,18,l1,3.0
306,src3/2025-05-05-answerdotai/ModernBERT-base-2e-05-data,500,4,1.1814923286437988,0.5643343728979392,10,l2,1.0
307,src3/2025-05-05-answerdotai/ModernBERT-base-2e-05-data,500,4,1.6800768375396729,0.5068407376099683,8,cosine,2.0
308,src3/2025-05-05-answerdotai/ModernBERT-base-2e-05-data,500,4,1.3427839279174805,0.5306618093503339,8,l2,3.0
309,src3/2025-05-05-answerdotai/ModernBERT-base-2e-05-data,1000,4,2.157794952392578,0.5119010005265929,18,cosine,1.0
310,src3/2025-05-05-answerdotai/ModernBERT-base-2e-05-data,1000,4,2.394525051116944,0.5179458933962898,11,l2,2.0
311,src3/2025-05-05-answerdotai/ModernBERT-base-2e-05-data,1000,4,2.304795503616333,0.4536102386494294,7,cosine,3.0
312,src3/2025-05-05-answerdotai/ModernBERT-base-2e-05-data,1500,4,2.821633100509644,0.5071277503751023,11,cosine,1.0
313,src3/2025-05-05-answerdotai/ModernBERT-base-2e-05-data,1500,4,3.50027084350586,0.5104017891741677,7,l1,2.0
314,src3/2025-05-05-answerdotai/ModernBERT-base-2e-05-data,1500,4,5.105745553970337,0.4986251341238167,15,l2,3.0
315,src3/2025-05-05-answerdotai/ModernBERT-base-2e-05-data,500,5,1.2312335968017578,0.5007104473550953,12,l2,1.0
316,src3/2025-05-05-answerdotai/ModernBERT-base-2e-05-data,500,5,1.3329899311065674,0.4845251507720856,18,l2,2.0
317,src3/2025-05-05-answerdotai/ModernBERT-base-2e-05-data,500,5,1.343207836151123,0.479430655661474,6,l1,3.0
318,src3/2025-05-05-answerdotai/ModernBERT-base-2e-05-data,1000,5,4.273537635803223,0.5146589549262067,12,l2,1.0
319,src3/2025-05-05-answerdotai/ModernBERT-base-2e-05-data,1000,5,2.702284336090088,0.5743503063400398,12,l2,2.0
320,src3/2025-05-05-answerdotai/ModernBERT-base-2e-05-data,1000,5,2.414231777191162,0.5206664786222177,14,l1,3.0
321,src3/2025-05-05-answerdotai/ModernBERT-base-2e-05-data,1500,5,4.041341543197632,0.4858480115209926,19,l1,1.0
322,src3/2025-05-05-answerdotai/ModernBERT-base-2e-05-data,1500,5,3.276067018508911,0.4907779795920864,14,l2,2.0
323,src3/2025-05-05-answerdotai/ModernBERT-base-2e-05-data,1500,5,3.6069839000701904,0.446490070854538,6,cosine,3.0
324,src3/2025-05-05-answerdotai/ModernBERT-base-5e-05-data,500,0,1.2375826835632324,0.4574069748905423,7,cosine,1.0
325,src3/2025-05-05-answerdotai/ModernBERT-base-5e-05-data,500,0,1.703396558761597,0.4694488653109343,7,l1,2.0
326,src3/2025-05-05-answerdotai/ModernBERT-base-5e-05-data,500,0,1.2675392627716064,0.4422856890785726,16,l2,3.0
327,src3/2025-05-05-answerdotai/ModernBERT-base-5e-05-data,1000,0,2.609238386154175,0.3895366824728993,19,l2,1.0
328,src3/2025-05-05-answerdotai/ModernBERT-base-5e-05-data,1000,0,2.5209009647369385,0.4254754030433805,18,l1,2.0
329,src3/2025-05-05-answerdotai/ModernBERT-base-5e-05-data,1000,0,2.9003024101257324,0.4104324431149558,5,l1,3.0
330,src3/2025-05-05-answerdotai/ModernBERT-base-5e-05-data,1500,0,4.04729437828064,0.4220806854022501,17,l2,1.0
331,src3/2025-05-05-answerdotai/ModernBERT-base-5e-05-data,1500,0,3.419050693511963,0.3677960464660728,15,l1,2.0
332,src3/2025-05-05-answerdotai/ModernBERT-base-5e-05-data,1500,0,3.4032936096191406,0.414391386290768,19,l2,3.0
333,src3/2025-05-05-answerdotai/ModernBERT-base-5e-05-data,500,1,1.6564924716949463,0.3563018867456074,17,l1,1.0
334,src3/2025-05-05-answerdotai/ModernBERT-base-5e-05-data,500,1,1.6255018711090088,0.4170555150592609,18,l2,2.0
335,src3/2025-05-05-answerdotai/ModernBERT-base-5e-05-data,500,1,1.3658878803253174,0.3867558593168349,3,l1,3.0
336,src3/2025-05-05-answerdotai/ModernBERT-base-5e-05-data,1000,1,2.2132246494293213,0.4058691079575003,18,cosine,1.0
337,src3/2025-05-05-answerdotai/ModernBERT-base-5e-05-data,1000,1,2.264325857162476,0.3718368604725996,15,l1,2.0
338,src3/2025-05-05-answerdotai/ModernBERT-base-5e-05-data,1000,1,2.861607313156128,0.4323667455888627,6,l1,3.0
339,src3/2025-05-05-answerdotai/ModernBERT-base-5e-05-data,1500,1,3.035166025161743,0.3966200472222079,1,l1,1.0
340,src3/2025-05-05-answerdotai/ModernBERT-base-5e-05-data,1500,1,3.724988698959351,0.4056707890557461,9,cosine,2.0
341,src3/2025-05-05-answerdotai/ModernBERT-base-5e-05-data,1500,1,5.855640411376953,0.4488888888888889,11,l2,3.0
342,src3/2025-05-05-answerdotai/ModernBERT-base-5e-05-data,500,2,1.5527126789093018,0.3481918031621915,4,l1,1.0
343,src3/2025-05-05-answerdotai/ModernBERT-base-5e-05-data,500,2,1.1320388317108154,0.3828040363754649,3,cosine,2.0
344,src3/2025-05-05-answerdotai/ModernBERT-base-5e-05-data,500,2,1.2677514553070068,0.3898594246420333,18,cosine,3.0
345,src3/2025-05-05-answerdotai/ModernBERT-base-5e-05-data,1000,2,3.154513597488404,0.4979077284022244,18,l2,1.0
346,src3/2025-05-05-answerdotai/ModernBERT-base-5e-05-data,1000,2,2.7535533905029297,0.3816928812360137,18,l1,2.0
347,src3/2025-05-05-answerdotai/ModernBERT-base-5e-05-data,1000,2,2.8598673343658447,0.4123436153139124,9,l2,3.0
348,src3/2025-05-05-answerdotai/ModernBERT-base-5e-05-data,1500,2,3.819870233535767,0.4405760077401868,3,l1,1.0
349,src3/2025-05-05-answerdotai/ModernBERT-base-5e-05-data,1500,2,7.171168088912964,0.4285198857594263,5,l1,2.0
350,src3/2025-05-05-answerdotai/ModernBERT-base-5e-05-data,1500,2,5.816594362258911,0.4251001788483048,17,l1,3.0
351,src3/2025-05-05-answerdotai/ModernBERT-base-5e-05-data,500,3,1.1586217880249023,0.4820049422100274,18,l1,1.0
352,src3/2025-05-05-answerdotai/ModernBERT-base-5e-05-data,500,3,1.376573085784912,0.5252066482563981,12,cosine,2.0
353,src3/2025-05-05-answerdotai/ModernBERT-base-5e-05-data,500,3,1.4736547470092771,0.45149231678487,12,l2,3.0
354,src3/2025-05-05-answerdotai/ModernBERT-base-5e-05-data,1000,3,2.0740315914154053,0.4672151928866775,7,l2,1.0
355,src3/2025-05-05-answerdotai/ModernBERT-base-5e-05-data,1000,3,2.131903886795044,0.4144689933052912,5,l2,2.0
356,src3/2025-05-05-answerdotai/ModernBERT-base-5e-05-data,1000,3,2.207291841506958,0.4358401911213201,19,l1,3.0
357,src3/2025-05-05-answerdotai/ModernBERT-base-5e-05-data,1500,3,4.488941192626953,0.4656100706944051,18,l1,1.0
358,src3/2025-05-05-answerdotai/ModernBERT-base-5e-05-data,1500,3,3.408517360687256,0.4987769273258107,6,l1,2.0
359,src3/2025-05-05-answerdotai/ModernBERT-base-5e-05-data,1500,3,4.406973361968994,0.4664786169244768,17,l2,3.0
360,src3/2025-05-05-answerdotai/ModernBERT-base-5e-05-data,500,4,2.283403158187866,0.5195858409397202,15,l1,1.0
361,src3/2025-05-05-answerdotai/ModernBERT-base-5e-05-data,500,4,1.4964993000030518,0.440546452901104,18,cosine,2.0
362,src3/2025-05-05-answerdotai/ModernBERT-base-5e-05-data,500,4,1.2141759395599363,0.4283643764935354,13,cosine,3.0
363,src3/2025-05-05-answerdotai/ModernBERT-base-5e-05-data,1000,4,2.250905752182007,0.436608542220926,5,l2,1.0
364,src3/2025-05-05-answerdotai/ModernBERT-base-5e-05-data,1000,4,4.349618911743164,0.5384583707696915,11,l1,2.0
365,src3/2025-05-05-answerdotai/ModernBERT-base-5e-05-data,1000,4,2.187336206436157,0.4433747673091935,19,cosine,3.0
366,src3/2025-05-05-answerdotai/ModernBERT-base-5e-05-data,1500,4,4.140485286712647,0.4968108177063401,10,cosine,1.0
367,src3/2025-05-05-answerdotai/ModernBERT-base-5e-05-data,1500,4,3.790173292160034,0.5078876113213217,19,cosine,2.0
368,src3/2025-05-05-answerdotai/ModernBERT-base-5e-05-data,1500,4,3.1421267986297607,0.4512527462706233,19,l2,3.0
369,src3/2025-05-05-answerdotai/ModernBERT-base-5e-05-data,500,5,1.495603084564209,0.5012061114958347,15,l2,1.0
370,src3/2025-05-05-answerdotai/ModernBERT-base-5e-05-data,500,5,1.6264033317565918,0.4821568759392593,16,l2,2.0
371,src3/2025-05-05-answerdotai/ModernBERT-base-5e-05-data,500,5,1.4594051837921145,0.5028276831629078,4,cosine,3.0
372,src3/2025-05-05-answerdotai/ModernBERT-base-5e-05-data,1000,5,3.7944998741149902,0.4574915824915824,4,l1,1.0
373,src3/2025-05-05-answerdotai/ModernBERT-base-5e-05-data,1000,5,2.764984607696533,0.536431487796252,11,cosine,2.0
374,src3/2025-05-05-answerdotai/ModernBERT-base-5e-05-data,1000,5,3.094937562942505,0.5106631280544234,7,l2,3.0
375,src3/2025-05-05-answerdotai/ModernBERT-base-5e-05-data,1500,5,4.517967700958252,0.5115290284382389,13,cosine,1.0
376,src3/2025-05-05-answerdotai/ModernBERT-base-5e-05-data,1500,5,4.241607427597046,0.5036912382928217,16,l2,2.0
377,src3/2025-05-05-answerdotai/ModernBERT-base-5e-05-data,1500,5,5.099745750427246,0.4998395227739318,7,l2,3.0
378,src3/2025-05-05-answerdotai/ModernBERT-base-5e-06-data,500,0,1.4495034217834473,0.4305621283470889,17,l2,1.0
379,src3/2025-05-05-answerdotai/ModernBERT-base-5e-06-data,500,0,1.8329825401306152,0.4228320980246172,7,cosine,2.0
380,src3/2025-05-05-answerdotai/ModernBERT-base-5e-06-data,500,0,1.3313963413238523,0.4514721898977615,9,l1,3.0
381,src3/2025-05-05-answerdotai/ModernBERT-base-5e-06-data,1000,0,2.748260974884033,0.4475722673893405,15,cosine,1.0
382,src3/2025-05-05-answerdotai/ModernBERT-base-5e-06-data,1000,0,3.292798519134521,0.4754692192980124,14,l1,2.0
383,src3/2025-05-05-answerdotai/ModernBERT-base-5e-06-data,1000,0,2.797719955444336,0.4494146376499317,3,cosine,3.0
384,src3/2025-05-05-answerdotai/ModernBERT-base-5e-06-data,1500,0,4.446303129196167,0.4926531217284156,6,l2,1.0
385,src3/2025-05-05-answerdotai/ModernBERT-base-5e-06-data,1500,0,3.7224743366241455,0.367304300637634,6,l2,2.0
386,src3/2025-05-05-answerdotai/ModernBERT-base-5e-06-data,1500,0,4.107400894165039,0.4136490790906416,8,l2,3.0
387,src3/2025-05-05-answerdotai/ModernBERT-base-5e-06-data,500,1,1.4202284812927246,0.3844081518704634,3,cosine,1.0
388,src3/2025-05-05-answerdotai/ModernBERT-base-5e-06-data,500,1,1.6897192001342771,0.4639069954348141,13,l1,2.0
389,src3/2025-05-05-answerdotai/ModernBERT-base-5e-06-data,500,1,1.3452019691467283,0.4326402896170679,8,l1,3.0
390,src3/2025-05-05-answerdotai/ModernBERT-base-5e-06-data,1000,1,4.412074565887451,0.4861137388266609,5,cosine,1.0
391,src3/2025-05-05-answerdotai/ModernBERT-base-5e-06-data,1000,1,2.3196723461151123,0.3924079504724666,9,l1,2.0
392,src3/2025-05-05-answerdotai/ModernBERT-base-5e-06-data,1000,1,2.341804027557373,0.4217270593568623,5,cosine,3.0
393,src3/2025-05-05-answerdotai/ModernBERT-base-5e-06-data,1500,1,3.249467134475708,0.4508109055842904,9,cosine,1.0
394,src3/2025-05-05-answerdotai/ModernBERT-base-5e-06-data,1500,1,2.8248836994171143,0.456361710720125,12,cosine,2.0
395,src3/2025-05-05-answerdotai/ModernBERT-base-5e-06-data,1500,1,3.681307315826416,0.4334163305049381,9,l1,3.0
396,src3/2025-05-05-answerdotai/ModernBERT-base-5e-06-data,500,2,1.3254351615905762,0.54136122322574,1,cosine,1.0
397,src3/2025-05-05-answerdotai/ModernBERT-base-5e-06-data,500,2,1.352642059326172,0.4847811946257542,14,cosine,2.0
398,src3/2025-05-05-answerdotai/ModernBERT-base-5e-06-data,500,2,1.273115873336792,0.5405443322109988,7,l1,3.0
399,src3/2025-05-05-answerdotai/ModernBERT-base-5e-06-data,1000,2,2.7246718406677246,0.4492117786235433,7,l2,1.0
400,src3/2025-05-05-answerdotai/ModernBERT-base-5e-06-data,1000,2,3.0500364303588867,0.5180790467887242,19,l1,2.0
401,src3/2025-05-05-answerdotai/ModernBERT-base-5e-06-data,1000,2,2.375331163406372,0.4744249837552021,12,cosine,3.0
402,src3/2025-05-05-answerdotai/ModernBERT-base-5e-06-data,1500,2,3.957309484481812,0.5006172484887944,10,l1,1.0
403,src3/2025-05-05-answerdotai/ModernBERT-base-5e-06-data,1500,2,3.1797664165496826,0.445504364315236,11,cosine,2.0
404,src3/2025-05-05-answerdotai/ModernBERT-base-5e-06-data,1500,2,3.274617910385132,0.5678672943378826,14,l2,3.0
405,src3/2025-05-05-answerdotai/ModernBERT-base-5e-06-data,500,3,1.510502576828003,0.4826903553299492,1,l1,1.0
406,src3/2025-05-05-answerdotai/ModernBERT-base-5e-06-data,500,3,1.5764884948730469,0.5158933972493295,16,cosine,2.0
407,src3/2025-05-05-answerdotai/ModernBERT-base-5e-06-data,500,3,1.2778172492980957,0.5026006258923466,12,l1,3.0
408,src3/2025-05-05-answerdotai/ModernBERT-base-5e-06-data,1000,3,2.9396960735321045,0.4805105239587998,15,cosine,1.0
409,src3/2025-05-05-answerdotai/ModernBERT-base-5e-06-data,1000,3,2.246354579925537,0.5281424221452492,15,l2,2.0
410,src3/2025-05-05-answerdotai/ModernBERT-base-5e-06-data,1000,3,2.5358645915985107,0.532141548614185,10,l2,3.0
411,src3/2025-05-05-answerdotai/ModernBERT-base-5e-06-data,1500,3,3.709921598434448,0.5311572208123932,14,cosine,1.0
412,src3/2025-05-05-answerdotai/ModernBERT-base-5e-06-data,1500,3,4.92029070854187,0.5210366755397812,9,l2,2.0
413,src3/2025-05-05-answerdotai/ModernBERT-base-5e-06-data,1500,3,3.926915168762207,0.5001540832049307,13,l2,3.0
414,src3/2025-05-05-answerdotai/ModernBERT-base-5e-06-data,500,4,1.2526874542236328,0.4886814144126131,5,l2,1.0
415,src3/2025-05-05-answerdotai/ModernBERT-base-5e-06-data,500,4,1.767507791519165,0.5360127378199667,18,l2,2.0
416,src3/2025-05-05-answerdotai/ModernBERT-base-5e-06-data,500,4,1.2020657062530518,0.4752765581342305,9,cosine,3.0
417,src3/2025-05-05-answerdotai/ModernBERT-base-5e-06-data,1000,4,2.284330606460572,0.5326675267286505,11,l1,1.0
418,src3/2025-05-05-answerdotai/ModernBERT-base-5e-06-data,1000,4,2.7825512886047363,0.5125545637714405,3,l1,2.0
419,src3/2025-05-05-answerdotai/ModernBERT-base-5e-06-data,1000,4,2.4916317462921143,0.4887931699146808,5,l2,3.0
420,src3/2025-05-05-answerdotai/ModernBERT-base-5e-06-data,1500,4,2.802074432373047,0.5286495643319907,13,cosine,1.0
421,src3/2025-05-05-answerdotai/ModernBERT-base-5e-06-data,1500,4,3.793316125869751,0.5343975839677347,1,cosine,2.0
422,src3/2025-05-05-answerdotai/ModernBERT-base-5e-06-data,1500,4,3.526010751724243,0.4707149337795642,11,l1,3.0
423,src3/2025-05-05-answerdotai/ModernBERT-base-5e-06-data,500,5,1.401702642440796,0.5018784920532676,15,cosine,1.0
424,src3/2025-05-05-answerdotai/ModernBERT-base-5e-06-data,500,5,1.327348232269287,0.5265235713303676,4,cosine,2.0
425,src3/2025-05-05-answerdotai/ModernBERT-base-5e-06-data,500,5,1.3424499034881592,0.5409447098791236,17,l2,3.0
426,src3/2025-05-05-answerdotai/ModernBERT-base-5e-06-data,1000,5,2.3356616497039795,0.4550033313304475,18,l1,1.0
427,src3/2025-05-05-answerdotai/ModernBERT-base-5e-06-data,1000,5,3.962822198867798,0.5000238891543239,19,cosine,2.0
428,src3/2025-05-05-answerdotai/ModernBERT-base-5e-06-data,1000,5,2.9339749813079834,0.536531364363657,15,l2,3.0
429,src3/2025-05-05-answerdotai/ModernBERT-base-5e-06-data,1500,5,3.57442045211792,0.4965862269233056,8,l1,1.0
430,src3/2025-05-05-answerdotai/ModernBERT-base-5e-06-data,1500,5,3.3680362701416016,0.5494165270827535,1,l2,2.0
431,src3/2025-05-05-answerdotai/ModernBERT-base-5e-06-data,1500,5,3.699388265609741,0.4826929119137862,12,l1,3.0
432,src3/2025-05-05-google-bert/bert-base-uncased-1e-05-data,500,0,1.4258766174316406,0.5038857415982733,18,l1,1.0
433,src3/2025-05-05-google-bert/bert-base-uncased-1e-05-data,500,0,1.4520642757415771,0.5326090930016153,19,l1,2.0
434,src3/2025-05-05-google-bert/bert-base-uncased-1e-05-data,500,0,1.399309158325195,0.4150191442426186,16,cosine,3.0
435,src3/2025-05-05-google-bert/bert-base-uncased-1e-05-data,1000,0,2.8922784328460693,0.5011697102333201,3,l1,1.0
436,src3/2025-05-05-google-bert/bert-base-uncased-1e-05-data,1000,0,3.3858771324157715,0.5036356599936459,18,l1,2.0
437,src3/2025-05-05-google-bert/bert-base-uncased-1e-05-data,1000,0,2.1873788833618164,0.4692104453949253,5,cosine,3.0
438,src3/2025-05-05-google-bert/bert-base-uncased-1e-05-data,1500,0,3.834662675857544,0.4909254853970981,15,l2,1.0
439,src3/2025-05-05-google-bert/bert-base-uncased-1e-05-data,1500,0,3.0702672004699707,0.476021476021476,19,l2,2.0
440,src3/2025-05-05-google-bert/bert-base-uncased-1e-05-data,1500,0,3.459022045135498,0.5328958655000857,13,cosine,3.0
441,src3/2025-05-05-google-bert/bert-base-uncased-1e-05-data,500,1,1.3856663703918457,0.3607314529406014,10,l1,1.0
442,src3/2025-05-05-google-bert/bert-base-uncased-1e-05-data,500,1,2.0013465881347656,0.4546982288917773,6,l2,2.0
443,src3/2025-05-05-google-bert/bert-base-uncased-1e-05-data,500,1,1.2355241775512695,0.4939566395663957,12,cosine,3.0
444,src3/2025-05-05-google-bert/bert-base-uncased-1e-05-data,1000,1,2.575612068176269,0.4821117339312407,9,cosine,1.0
445,src3/2025-05-05-google-bert/bert-base-uncased-1e-05-data,1000,1,2.21874475479126,0.4572572572572572,11,l1,2.0
446,src3/2025-05-05-google-bert/bert-base-uncased-1e-05-data,1000,1,2.525517225265503,0.5454958151299848,16,l2,3.0
447,src3/2025-05-05-google-bert/bert-base-uncased-1e-05-data,1500,1,3.846325635910034,0.5398880817062109,13,l2,1.0
448,src3/2025-05-05-google-bert/bert-base-uncased-1e-05-data,1500,1,3.466463088989258,0.4764531907829711,1,l2,2.0
449,src3/2025-05-05-google-bert/bert-base-uncased-1e-05-data,1500,1,3.0936312675476074,0.4376289809240001,1,l1,3.0
450,src3/2025-05-05-google-bert/bert-base-uncased-1e-05-data,500,2,1.1291770935058594,0.584900747233114,3,cosine,1.0
451,src3/2025-05-05-google-bert/bert-base-uncased-1e-05-data,500,2,1.3442511558532717,0.5426788648576631,9,cosine,2.0
452,src3/2025-05-05-google-bert/bert-base-uncased-1e-05-data,500,2,1.4046010971069336,0.561601377630884,17,l2,3.0
453,src3/2025-05-05-google-bert/bert-base-uncased-1e-05-data,1000,2,2.294134616851806,0.6083022566456301,16,l1,1.0
454,src3/2025-05-05-google-bert/bert-base-uncased-1e-05-data,1000,2,3.1164486408233643,0.5389851997636429,13,l1,2.0
455,src3/2025-05-05-google-bert/bert-base-uncased-1e-05-data,1000,2,3.115174055099488,0.5494784580498867,15,l2,3.0
456,src3/2025-05-05-google-bert/bert-base-uncased-1e-05-data,1500,2,3.628904819488525,0.5343972295075179,19,cosine,1.0
457,src3/2025-05-05-google-bert/bert-base-uncased-1e-05-data,1500,2,4.418999671936035,0.6449922292142557,9,l1,2.0
458,src3/2025-05-05-google-bert/bert-base-uncased-1e-05-data,1500,2,4.008699417114258,0.5641915955357297,11,l2,3.0
459,src3/2025-05-05-google-bert/bert-base-uncased-1e-05-data,500,3,1.4028308391571045,0.5769396668303501,13,l2,1.0
460,src3/2025-05-05-google-bert/bert-base-uncased-1e-05-data,500,3,1.169921875,0.5422052492022519,7,cosine,2.0
461,src3/2025-05-05-google-bert/bert-base-uncased-1e-05-data,500,3,1.2692124843597412,0.5582912989601553,12,l1,3.0
462,src3/2025-05-05-google-bert/bert-base-uncased-1e-05-data,1000,3,2.3829286098480225,0.5019255455712451,9,cosine,1.0
463,src3/2025-05-05-google-bert/bert-base-uncased-1e-05-data,1000,3,2.209488868713379,0.6093905829398526,17,l2,2.0
464,src3/2025-05-05-google-bert/bert-base-uncased-1e-05-data,1000,3,2.443470001220703,0.5764071702685022,16,l1,3.0
465,src3/2025-05-05-google-bert/bert-base-uncased-1e-05-data,1500,3,4.807436466217041,0.6006953479631075,17,l2,1.0
466,src3/2025-05-05-google-bert/bert-base-uncased-1e-05-data,1500,3,3.433444261550904,0.5476326967653876,13,cosine,2.0
467,src3/2025-05-05-google-bert/bert-base-uncased-1e-05-data,1500,3,4.97765326499939,0.5954429673530798,16,l1,3.0
468,src3/2025-05-05-google-bert/bert-base-uncased-1e-05-data,500,4,1.3469717502593994,0.6335180551432301,19,cosine,1.0
469,src3/2025-05-05-google-bert/bert-base-uncased-1e-05-data,500,4,1.279176950454712,0.640989340989341,8,cosine,2.0
470,src3/2025-05-05-google-bert/bert-base-uncased-1e-05-data,500,4,1.2815375328063965,0.6557684647428194,17,l2,3.0
471,src3/2025-05-05-google-bert/bert-base-uncased-1e-05-data,1000,4,2.702777147293091,0.6009519808450581,10,l2,1.0
472,src3/2025-05-05-google-bert/bert-base-uncased-1e-05-data,1000,4,2.7663793563842773,0.5535754240611702,16,l2,2.0
473,src3/2025-05-05-google-bert/bert-base-uncased-1e-05-data,1000,4,2.0073533058166504,0.7002172278990516,19,cosine,3.0
474,src3/2025-05-05-google-bert/bert-base-uncased-1e-05-data,1500,4,3.2429232597351074,0.5731703576040003,16,l1,1.0
475,src3/2025-05-05-google-bert/bert-base-uncased-1e-05-data,1500,4,3.399075746536255,0.5239920774267205,19,cosine,2.0
476,src3/2025-05-05-google-bert/bert-base-uncased-1e-05-data,1500,4,3.535667657852173,0.5961744344060779,7,l1,3.0
477,src3/2025-05-05-google-bert/bert-base-uncased-1e-05-data,500,5,1.4854612350463867,0.6020438498699369,15,cosine,1.0
478,src3/2025-05-05-google-bert/bert-base-uncased-1e-05-data,500,5,1.240072250366211,0.5560532955601788,17,l1,2.0
479,src3/2025-05-05-google-bert/bert-base-uncased-1e-05-data,500,5,1.6448407173156738,0.5811447811447811,15,l2,3.0
480,src3/2025-05-05-google-bert/bert-base-uncased-1e-05-data,1000,5,2.9860315322875977,0.5840826689586359,16,l1,1.0
481,src3/2025-05-05-google-bert/bert-base-uncased-1e-05-data,1000,5,2.8898684978485107,0.642115320704553,12,l1,2.0
482,src3/2025-05-05-google-bert/bert-base-uncased-1e-05-data,1000,5,2.554288864135742,0.5719457263276976,12,l1,3.0
483,src3/2025-05-05-google-bert/bert-base-uncased-1e-05-data,1500,5,3.286996841430664,0.6335493489107947,17,l1,1.0
484,src3/2025-05-05-google-bert/bert-base-uncased-1e-05-data,1500,5,3.675732374191284,0.558061821219716,9,l2,2.0
485,src3/2025-05-05-google-bert/bert-base-uncased-1e-05-data,1500,5,4.186377286911011,0.5888527236077145,15,l1,3.0
486,src3/2025-05-05-google-bert/bert-base-uncased-2e-05-data,500,0,1.221099853515625,0.5313755570165827,12,l2,1.0
487,src3/2025-05-05-google-bert/bert-base-uncased-2e-05-data,500,0,2.4684300422668457,0.4395476089365295,19,l2,2.0
488,src3/2025-05-05-google-bert/bert-base-uncased-2e-05-data,500,0,1.3290472030639648,0.4522118025954342,9,l2,3.0
489,src3/2025-05-05-google-bert/bert-base-uncased-2e-05-data,1000,0,2.707231044769287,0.5369893942256913,9,cosine,1.0
490,src3/2025-05-05-google-bert/bert-base-uncased-2e-05-data,1000,0,2.762857913970948,0.5083205325140808,5,l2,2.0
491,src3/2025-05-05-google-bert/bert-base-uncased-2e-05-data,1000,0,3.558825969696045,0.4982365708084644,18,l1,3.0
492,src3/2025-05-05-google-bert/bert-base-uncased-2e-05-data,1500,0,3.8314480781555176,0.5368866158985157,19,l2,1.0
493,src3/2025-05-05-google-bert/bert-base-uncased-2e-05-data,1500,0,3.602041959762573,0.4574501189187188,9,l1,2.0
494,src3/2025-05-05-google-bert/bert-base-uncased-2e-05-data,1500,0,2.842307806015014,0.4730555540563798,13,cosine,3.0
495,src3/2025-05-05-google-bert/bert-base-uncased-2e-05-data,500,1,1.4215905666351318,0.4029659052179589,7,l2,1.0
496,src3/2025-05-05-google-bert/bert-base-uncased-2e-05-data,500,1,1.605154037475586,0.514659469185785,16,l1,2.0
497,src3/2025-05-05-google-bert/bert-base-uncased-2e-05-data,500,1,1.2431800365447998,0.4027437003249818,10,l1,3.0
498,src3/2025-05-05-google-bert/bert-base-uncased-2e-05-data,1000,1,2.367924451828003,0.4561833777481678,1,l1,1.0
499,src3/2025-05-05-google-bert/bert-base-uncased-2e-05-data,1000,1,2.0148379802703857,0.4385202044995859,12,cosine,2.0
500,src3/2025-05-05-google-bert/bert-base-uncased-2e-05-data,1000,1,2.9184577465057373,0.4310301898537192,11,l2,3.0
501,src3/2025-05-05-google-bert/bert-base-uncased-2e-05-data,1500,1,2.798611879348755,0.4753682418050234,9,cosine,1.0
502,src3/2025-05-05-google-bert/bert-base-uncased-2e-05-data,1500,1,3.550783157348633,0.5217515664165789,1,cosine,2.0
503,src3/2025-05-05-google-bert/bert-base-uncased-2e-05-data,1500,1,2.556688070297241,0.4800477299860612,13,cosine,3.0
504,src3/2025-05-05-google-bert/bert-base-uncased-2e-05-data,500,2,1.3104870319366455,0.5734514480569,17,cosine,1.0
505,src3/2025-05-05-google-bert/bert-base-uncased-2e-05-data,500,2,1.4589195251464844,0.4904609937816769,10,l2,2.0
506,src3/2025-05-05-google-bert/bert-base-uncased-2e-05-data,500,2,1.8483142852783203,0.5684368263315632,18,l1,3.0
507,src3/2025-05-05-google-bert/bert-base-uncased-2e-05-data,1000,2,2.276525020599365,0.559555281777504,19,l1,1.0
508,src3/2025-05-05-google-bert/bert-base-uncased-2e-05-data,1000,2,2.889643669128418,0.5604567875260069,10,l2,2.0
509,src3/2025-05-05-google-bert/bert-base-uncased-2e-05-data,1000,2,2.6040244102478027,0.5065939178615234,5,l2,3.0
510,src3/2025-05-05-google-bert/bert-base-uncased-2e-05-data,1500,2,2.853082180023194,0.6072049542755997,19,cosine,1.0
511,src3/2025-05-05-google-bert/bert-base-uncased-2e-05-data,1500,2,3.5741686820983887,0.5042287185144327,17,l1,2.0
512,src3/2025-05-05-google-bert/bert-base-uncased-2e-05-data,1500,2,4.580905914306641,0.6065657077065589,18,l2,3.0
513,src3/2025-05-05-google-bert/bert-base-uncased-2e-05-data,500,3,1.433835506439209,0.5734899471204369,14,l1,1.0
514,src3/2025-05-05-google-bert/bert-base-uncased-2e-05-data,500,3,1.4439313411712646,0.6197877321064745,16,cosine,2.0
515,src3/2025-05-05-google-bert/bert-base-uncased-2e-05-data,500,3,1.2875521183013916,0.5952096035861493,15,l2,3.0
516,src3/2025-05-05-google-bert/bert-base-uncased-2e-05-data,1000,3,2.246021747589112,0.6383106917831166,6,cosine,1.0
517,src3/2025-05-05-google-bert/bert-base-uncased-2e-05-data,1000,3,2.5451817512512207,0.6048951048951049,8,l2,2.0
518,src3/2025-05-05-google-bert/bert-base-uncased-2e-05-data,1000,3,2.843374967575073,0.5704218914380145,8,cosine,3.0
519,src3/2025-05-05-google-bert/bert-base-uncased-2e-05-data,1500,3,3.681342601776123,0.6072527381945947,11,l1,1.0
520,src3/2025-05-05-google-bert/bert-base-uncased-2e-05-data,1500,3,4.949683427810669,0.584849527264388,15,l1,2.0
521,src3/2025-05-05-google-bert/bert-base-uncased-2e-05-data,1500,3,2.8795835971832275,0.6174264943625687,18,l1,3.0
522,src3/2025-05-05-google-bert/bert-base-uncased-2e-05-data,500,4,1.2894809246063232,0.563438592379948,14,cosine,1.0
523,src3/2025-05-05-google-bert/bert-base-uncased-2e-05-data,500,4,1.652580738067627,0.6209868203871202,12,l1,2.0
524,src3/2025-05-05-google-bert/bert-base-uncased-2e-05-data,500,4,1.268733024597168,0.6497067454669695,5,l1,3.0
525,src3/2025-05-05-google-bert/bert-base-uncased-2e-05-data,1000,4,2.77192497253418,0.5420467930222008,10,l2,1.0
526,src3/2025-05-05-google-bert/bert-base-uncased-2e-05-data,1000,4,3.299267530441284,0.6462675284618443,13,l1,2.0
527,src3/2025-05-05-google-bert/bert-base-uncased-2e-05-data,1000,4,3.0140280723571777,0.6103821592182772,17,l1,3.0
528,src3/2025-05-05-google-bert/bert-base-uncased-2e-05-data,1500,4,6.714832067489624,0.5578235800914574,12,l1,1.0
529,src3/2025-05-05-google-bert/bert-base-uncased-2e-05-data,1500,4,3.83589506149292,0.6094963520285527,4,l1,2.0
530,src3/2025-05-05-google-bert/bert-base-uncased-2e-05-data,1500,4,4.485998868942261,0.5761002328695142,12,cosine,3.0
531,src3/2025-05-05-google-bert/bert-base-uncased-2e-05-data,500,5,1.2518072128295898,0.6017397236909432,5,l1,1.0
532,src3/2025-05-05-google-bert/bert-base-uncased-2e-05-data,500,5,2.023083209991455,0.5851225406394861,12,cosine,2.0
533,src3/2025-05-05-google-bert/bert-base-uncased-2e-05-data,500,5,1.8388872146606443,0.6417542862555651,11,cosine,3.0
534,src3/2025-05-05-google-bert/bert-base-uncased-2e-05-data,1000,5,2.694597244262696,0.6015424329276974,15,cosine,1.0
535,src3/2025-05-05-google-bert/bert-base-uncased-2e-05-data,1000,5,2.758829355239868,0.5862731907235385,17,l1,2.0
536,src3/2025-05-05-google-bert/bert-base-uncased-2e-05-data,1000,5,2.819460391998291,0.6051489363172425,17,l1,3.0
537,src3/2025-05-05-google-bert/bert-base-uncased-2e-05-data,1500,5,2.652052879333496,0.5863508139104697,9,cosine,1.0
538,src3/2025-05-05-google-bert/bert-base-uncased-2e-05-data,1500,5,3.7752511501312256,0.6032483503220464,19,l1,2.0
539,src3/2025-05-05-google-bert/bert-base-uncased-2e-05-data,1500,5,4.425490140914917,0.5778387800282662,15,l1,3.0
540,src3/2025-05-05-google-bert/bert-base-uncased-5e-05-data,500,0,1.3481953144073486,0.4808244373982777,16,l2,1.0
541,src3/2025-05-05-google-bert/bert-base-uncased-5e-05-data,500,0,1.0253627300262451,0.4958987018826533,1,cosine,2.0
542,src3/2025-05-05-google-bert/bert-base-uncased-5e-05-data,500,0,1.1774234771728516,0.419830713695584,11,l2,3.0
543,src3/2025-05-05-google-bert/bert-base-uncased-5e-05-data,1000,0,2.2112081050872803,0.503879348999162,10,l1,1.0
544,src3/2025-05-05-google-bert/bert-base-uncased-5e-05-data,1000,0,2.574377059936523,0.5389474698543387,9,l2,2.0
545,src3/2025-05-05-google-bert/bert-base-uncased-5e-05-data,1000,0,2.741288423538208,0.4588198128731135,9,l2,3.0
546,src3/2025-05-05-google-bert/bert-base-uncased-5e-05-data,1500,0,2.6272523403167725,0.5356669572798606,17,cosine,1.0
547,src3/2025-05-05-google-bert/bert-base-uncased-5e-05-data,1500,0,2.631706476211548,0.6087328434370994,7,cosine,2.0
548,src3/2025-05-05-google-bert/bert-base-uncased-5e-05-data,1500,0,4.42791223526001,0.4814396970953423,3,l2,3.0
549,src3/2025-05-05-google-bert/bert-base-uncased-5e-05-data,500,1,1.6037640571594238,0.5122311250281409,8,l1,1.0
550,src3/2025-05-05-google-bert/bert-base-uncased-5e-05-data,500,1,1.3634576797485352,0.4616545880401748,4,cosine,2.0
551,src3/2025-05-05-google-bert/bert-base-uncased-5e-05-data,500,1,1.460944652557373,0.4774407896368637,8,l1,3.0
552,src3/2025-05-05-google-bert/bert-base-uncased-5e-05-data,1000,1,2.110832452774048,0.4613246754691488,6,l1,1.0
553,src3/2025-05-05-google-bert/bert-base-uncased-5e-05-data,1000,1,2.5251309871673584,0.432530793426816,17,l2,2.0
554,src3/2025-05-05-google-bert/bert-base-uncased-5e-05-data,1000,1,2.648878335952759,0.6021469540593437,7,l2,3.0
555,src3/2025-05-05-google-bert/bert-base-uncased-5e-05-data,1500,1,3.540945529937744,0.4514846119756326,5,l1,1.0
556,src3/2025-05-05-google-bert/bert-base-uncased-5e-05-data,1500,1,4.731385707855225,0.4877430052839341,14,l2,2.0
557,src3/2025-05-05-google-bert/bert-base-uncased-5e-05-data,1500,1,3.444695234298706,0.4347231506671848,10,l1,3.0
558,src3/2025-05-05-google-bert/bert-base-uncased-5e-05-data,500,2,1.8807222843170168,0.5407052986000355,18,l2,1.0
559,src3/2025-05-05-google-bert/bert-base-uncased-5e-05-data,500,2,1.4208409786224363,0.5397897129866439,16,l1,2.0
560,src3/2025-05-05-google-bert/bert-base-uncased-5e-05-data,500,2,1.6258554458618164,0.5725881868851233,7,l1,3.0
561,src3/2025-05-05-google-bert/bert-base-uncased-5e-05-data,1000,2,2.453195810317993,0.5636120029071597,13,cosine,1.0
562,src3/2025-05-05-google-bert/bert-base-uncased-5e-05-data,1000,2,2.4078056812286377,0.5072275022664817,4,cosine,2.0
563,src3/2025-05-05-google-bert/bert-base-uncased-5e-05-data,1000,2,2.3643808364868164,0.5489122807017544,9,l1,3.0
564,src3/2025-05-05-google-bert/bert-base-uncased-5e-05-data,1500,2,4.617393732070923,0.5940085430619523,12,l1,1.0
565,src3/2025-05-05-google-bert/bert-base-uncased-5e-05-data,1500,2,3.643644809722901,0.5718384848757921,13,l1,2.0
566,src3/2025-05-05-google-bert/bert-base-uncased-5e-05-data,1500,2,3.435029983520508,0.6094700196824548,18,l1,3.0
567,src3/2025-05-05-google-bert/bert-base-uncased-5e-05-data,500,3,1.2031219005584717,0.5594759696255088,5,l1,1.0
568,src3/2025-05-05-google-bert/bert-base-uncased-5e-05-data,500,3,1.2925465106964111,0.5694210292812777,7,l1,2.0
569,src3/2025-05-05-google-bert/bert-base-uncased-5e-05-data,500,3,1.2364039421081543,0.5936071734082855,13,cosine,3.0
570,src3/2025-05-05-google-bert/bert-base-uncased-5e-05-data,1000,3,2.6518049240112305,0.6325586380854084,14,l2,1.0
571,src3/2025-05-05-google-bert/bert-base-uncased-5e-05-data,1000,3,2.129091262817383,0.5651546986363449,7,l2,2.0
572,src3/2025-05-05-google-bert/bert-base-uncased-5e-05-data,1000,3,2.6095571517944336,0.5372190473497768,9,l2,3.0
573,src3/2025-05-05-google-bert/bert-base-uncased-5e-05-data,1500,3,4.017462491989136,0.587191861223425,14,l1,1.0
574,src3/2025-05-05-google-bert/bert-base-uncased-5e-05-data,1500,3,2.750312805175781,0.6189011281634546,10,cosine,2.0
575,src3/2025-05-05-google-bert/bert-base-uncased-5e-05-data,1500,3,4.140309810638428,0.5939634015520588,19,l1,3.0
576,src3/2025-05-05-google-bert/bert-base-uncased-5e-05-data,500,4,1.312577247619629,0.5711930695151183,17,l1,1.0
577,src3/2025-05-05-google-bert/bert-base-uncased-5e-05-data,500,4,1.1885457038879397,0.6009387574499201,13,l2,2.0
578,src3/2025-05-05-google-bert/bert-base-uncased-5e-05-data,500,4,1.1513633728027344,0.5361349153534722,9,l1,3.0
579,src3/2025-05-05-google-bert/bert-base-uncased-5e-05-data,1000,4,2.68257737159729,0.6156735143241768,12,l1,1.0
580,src3/2025-05-05-google-bert/bert-base-uncased-5e-05-data,1000,4,2.236412763595581,0.5901098647463416,17,cosine,2.0
581,src3/2025-05-05-google-bert/bert-base-uncased-5e-05-data,1000,4,2.6636667251586914,0.5923916590532787,15,l1,3.0
582,src3/2025-05-05-google-bert/bert-base-uncased-5e-05-data,1500,4,6.706771612167358,0.6499606295233554,19,cosine,1.0
583,src3/2025-05-05-google-bert/bert-base-uncased-5e-05-data,1500,4,3.034173488616944,0.6019802923827692,19,cosine,2.0
584,src3/2025-05-05-google-bert/bert-base-uncased-5e-05-data,1500,4,3.2706687450408936,0.6022765622765623,17,l1,3.0
585,src3/2025-05-05-google-bert/bert-base-uncased-5e-05-data,500,5,1.312819004058838,0.5659458360696751,6,l2,1.0
586,src3/2025-05-05-google-bert/bert-base-uncased-5e-05-data,500,5,1.8581962585449217,0.5812046870144671,18,l1,2.0
587,src3/2025-05-05-google-bert/bert-base-uncased-5e-05-data,500,5,1.3474795818328855,0.5752954232054993,18,cosine,3.0
588,src3/2025-05-05-google-bert/bert-base-uncased-5e-05-data,1000,5,2.024601459503174,0.5874620829120324,19,l2,1.0
589,src3/2025-05-05-google-bert/bert-base-uncased-5e-05-data,1000,5,2.788869380950928,0.5751997014326288,16,l1,2.0
590,src3/2025-05-05-google-bert/bert-base-uncased-5e-05-data,1000,5,2.2262470722198486,0.5782556478426315,18,l1,3.0
591,src3/2025-05-05-google-bert/bert-base-uncased-5e-05-data,1500,5,7.628720283508301,0.6158781694495981,15,l2,1.0
592,src3/2025-05-05-google-bert/bert-base-uncased-5e-05-data,1500,5,3.587109088897705,0.6012562252028822,17,l1,2.0
593,src3/2025-05-05-google-bert/bert-base-uncased-5e-05-data,1500,5,4.04703426361084,0.6567694227970301,18,l1,3.0
594,src3/2025-05-05-google-bert/bert-base-uncased-5e-06-data,500,0,1.757939100265503,0.4850287880228,5,l1,1.0
595,src3/2025-05-05-google-bert/bert-base-uncased-5e-06-data,500,0,1.3333358764648438,0.3928242550725286,1,l1,2.0
596,src3/2025-05-05-google-bert/bert-base-uncased-5e-06-data,500,0,1.0716028213500977,0.442910226542081,13,cosine,3.0
597,src3/2025-05-05-google-bert/bert-base-uncased-5e-06-data,1000,0,2.1438238620758057,0.5076989459529456,19,l1,1.0
598,src3/2025-05-05-google-bert/bert-base-uncased-5e-06-data,1000,0,2.0544583797454834,0.423786717752235,7,cosine,2.0
599,src3/2025-05-05-google-bert/bert-base-uncased-5e-06-data,1000,0,2.2352817058563232,0.5163439955106622,16,l1,3.0
600,src3/2025-05-05-google-bert/bert-base-uncased-5e-06-data,1500,0,3.855639696121216,0.5061757887844845,16,l2,1.0
601,src3/2025-05-05-google-bert/bert-base-uncased-5e-06-data,1500,0,3.0144195556640625,0.4488312859103934,9,l1,2.0
602,src3/2025-05-05-google-bert/bert-base-uncased-5e-06-data,1500,0,2.8236591815948486,0.4468609519259063,18,cosine,3.0
603,src3/2025-05-05-google-bert/bert-base-uncased-5e-06-data,500,1,1.5886955261230469,0.4825837729363495,11,l2,1.0
604,src3/2025-05-05-google-bert/bert-base-uncased-5e-06-data,500,1,1.1835086345672607,0.5523109848952545,19,l2,2.0
605,src3/2025-05-05-google-bert/bert-base-uncased-5e-06-data,500,1,1.2344918251037598,0.4594935490594458,18,l2,3.0
606,src3/2025-05-05-google-bert/bert-base-uncased-5e-06-data,1000,1,3.142656087875366,0.4879144638996163,3,l2,1.0
607,src3/2025-05-05-google-bert/bert-base-uncased-5e-06-data,1000,1,2.824782609939575,0.4839357429718875,3,l1,2.0
608,src3/2025-05-05-google-bert/bert-base-uncased-5e-06-data,1000,1,2.2644622325897217,0.4518368344477672,7,l1,3.0
609,src3/2025-05-05-google-bert/bert-base-uncased-5e-06-data,1500,1,3.3940372467041016,0.4985302177569254,19,cosine,1.0
610,src3/2025-05-05-google-bert/bert-base-uncased-5e-06-data,1500,1,3.079017400741577,0.5189919886593076,11,cosine,2.0
611,src3/2025-05-05-google-bert/bert-base-uncased-5e-06-data,1500,1,3.874497175216675,0.5468801721868836,17,l1,3.0
612,src3/2025-05-05-google-bert/bert-base-uncased-5e-06-data,500,2,1.170562982559204,0.4738370007378455,16,cosine,1.0
613,src3/2025-05-05-google-bert/bert-base-uncased-5e-06-data,500,2,1.1675264835357666,0.4570887494030899,19,cosine,2.0
614,src3/2025-05-05-google-bert/bert-base-uncased-5e-06-data,500,2,1.9342193603515625,0.5330471202084732,6,l1,3.0
615,src3/2025-05-05-google-bert/bert-base-uncased-5e-06-data,1000,2,1.767103672027588,0.4436001223938792,18,cosine,1.0
616,src3/2025-05-05-google-bert/bert-base-uncased-5e-06-data,1000,2,2.894151210784912,0.4730916490525457,14,cosine,2.0
617,src3/2025-05-05-google-bert/bert-base-uncased-5e-06-data,1000,2,3.4197962284088135,0.4686290758674935,9,l2,3.0
618,src3/2025-05-05-google-bert/bert-base-uncased-5e-06-data,1500,2,4.624755382537842,0.5216008620421874,15,l1,1.0
619,src3/2025-05-05-google-bert/bert-base-uncased-5e-06-data,1500,2,3.720158338546753,0.5005487794484097,19,cosine,2.0
620,src3/2025-05-05-google-bert/bert-base-uncased-5e-06-data,1500,2,5.370381832122803,0.478199822030917,18,l1,3.0
621,src3/2025-05-05-google-bert/bert-base-uncased-5e-06-data,500,3,1.272651433944702,0.5080218565293192,19,cosine,1.0
622,src3/2025-05-05-google-bert/bert-base-uncased-5e-06-data,500,3,1.3324482440948486,0.4703561421490903,1,cosine,2.0
623,src3/2025-05-05-google-bert/bert-base-uncased-5e-06-data,500,3,1.162590265274048,0.4917950513538749,10,l1,3.0
624,src3/2025-05-05-google-bert/bert-base-uncased-5e-06-data,1000,3,2.836470127105713,0.5152112357784847,13,l1,1.0
625,src3/2025-05-05-google-bert/bert-base-uncased-5e-06-data,1000,3,2.749976634979248,0.5095699256341827,3,l1,2.0
626,src3/2025-05-05-google-bert/bert-base-uncased-5e-06-data,1000,3,2.754124879837036,0.4768661858960115,12,cosine,3.0
627,src3/2025-05-05-google-bert/bert-base-uncased-5e-06-data,1500,3,2.814538955688477,0.5103722444582401,16,cosine,1.0
628,src3/2025-05-05-google-bert/bert-base-uncased-5e-06-data,1500,3,3.010723114013672,0.5325304858074764,19,cosine,2.0
629,src3/2025-05-05-google-bert/bert-base-uncased-5e-06-data,1500,3,4.025050401687622,0.5114161683104982,7,l1,3.0
630,src3/2025-05-05-google-bert/bert-base-uncased-5e-06-data,500,4,1.169152021408081,0.4842037271266132,13,cosine,1.0
631,src3/2025-05-05-google-bert/bert-base-uncased-5e-06-data,500,4,2.024552583694458,0.5230696428882957,19,l2,2.0
632,src3/2025-05-05-google-bert/bert-base-uncased-5e-06-data,500,4,1.539238452911377,0.5636052566143751,19,l2,3.0
633,src3/2025-05-05-google-bert/bert-base-uncased-5e-06-data,1000,4,2.3478214740753174,0.4647418149857175,3,l1,1.0
634,src3/2025-05-05-google-bert/bert-base-uncased-5e-06-data,1000,4,1.6957240104675293,0.4679899383288077,11,cosine,2.0
635,src3/2025-05-05-google-bert/bert-base-uncased-5e-06-data,1000,4,1.9431602954864504,0.4711908196818712,10,l1,3.0
636,src3/2025-05-05-google-bert/bert-base-uncased-5e-06-data,1500,4,2.766126871109009,0.5230045172650691,19,cosine,1.0
637,src3/2025-05-05-google-bert/bert-base-uncased-5e-06-data,1500,4,4.339748382568359,0.5212823255722888,10,l1,2.0
638,src3/2025-05-05-google-bert/bert-base-uncased-5e-06-data,1500,4,4.6947901248931885,0.5048279560466759,3,l1,3.0
639,src3/2025-05-05-google-bert/bert-base-uncased-5e-06-data,500,5,1.4501945972442627,0.5069576957016902,5,cosine,1.0
640,src3/2025-05-05-google-bert/bert-base-uncased-5e-06-data,500,5,1.2311944961547852,0.4515683888877235,8,l1,2.0
641,src3/2025-05-05-google-bert/bert-base-uncased-5e-06-data,500,5,1.0608041286468506,0.5244175421081058,19,cosine,3.0
642,src3/2025-05-05-google-bert/bert-base-uncased-5e-06-data,1000,5,3.2217118740081787,0.5465935560393759,3,l1,1.0
643,src3/2025-05-05-google-bert/bert-base-uncased-5e-06-data,1000,5,2.818909883499145,0.5201737663628067,3,cosine,2.0
644,src3/2025-05-05-google-bert/bert-base-uncased-5e-06-data,1000,5,2.0778133869171143,0.5749571731895645,14,cosine,3.0
645,src3/2025-05-05-google-bert/bert-base-uncased-5e-06-data,1500,5,2.805796384811402,0.5374216387197213,4,cosine,1.0
646,src3/2025-05-05-google-bert/bert-base-uncased-5e-06-data,1500,5,4.0597825050354,0.5392640324577497,1,l2,2.0
647,src3/2025-05-05-google-bert/bert-base-uncased-5e-06-data,1500,5,3.6453893184661865,0.4516923927371688,5,l2,3.0
