filename,n_samples,epoch,time,f1_macro,hidden_layer_sizes,max_iter,early_stopping
src3/2025-05-05-answerdotai/ModernBERT-base-1e-05-data,500,0,0.3898980617523193,0.2306878306878307,(),1000,True
src3/2025-05-05-answerdotai/ModernBERT-base-1e-05-data,500,1,0.1510317325592041,0.1831396614005309,(),1000,True
src3/2025-05-05-answerdotai/ModernBERT-base-1e-05-data,500,2,0.308579683303833,0.4707686884971195,(),1000,True
src3/2025-05-05-answerdotai/ModernBERT-base-1e-05-data,500,3,0.6471834182739258,0.4468015286356664,(),1000,True
src3/2025-05-05-answerdotai/ModernBERT-base-1e-05-data,500,4,0.3606302738189697,0.4683540641447534,(),1000,True
src3/2025-05-05-answerdotai/ModernBERT-base-1e-05-data,500,5,0.3244252204895019,0.5037503773289836,(),1000,True
src3/2025-05-05-answerdotai/ModernBERT-base-1e-05-data,1000,0,1.154808521270752,0.4729352955787382,(),1000,True
src3/2025-05-05-answerdotai/ModernBERT-base-1e-05-data,1000,1,1.9455974102020264,0.5108975416597921,(),1000,True
src3/2025-05-05-answerdotai/ModernBERT-base-1e-05-data,1000,2,1.2499160766601562,0.4446629393997814,(),1000,True
src3/2025-05-05-answerdotai/ModernBERT-base-1e-05-data,1000,3,2.5417122840881348,0.4699251141149951,(),1000,True
src3/2025-05-05-answerdotai/ModernBERT-base-1e-05-data,1000,4,1.5065703392028809,0.4869566576389233,(),1000,True
src3/2025-05-05-answerdotai/ModernBERT-base-1e-05-data,1000,5,1.5303480625152588,0.4429817581193107,(),1000,True
src3/2025-05-05-answerdotai/ModernBERT-base-1e-05-data,1500,0,2.605423927307129,0.4643909654662343,(),1000,True
src3/2025-05-05-answerdotai/ModernBERT-base-1e-05-data,1500,1,2.6522696018218994,0.476174898012126,(),1000,True
src3/2025-05-05-answerdotai/ModernBERT-base-1e-05-data,1500,2,2.6412055492401123,0.5423659673659674,(),1000,True
src3/2025-05-05-answerdotai/ModernBERT-base-1e-05-data,1500,3,1.7451581954956057,0.4565593094868805,(),1000,True
src3/2025-05-05-answerdotai/ModernBERT-base-1e-05-data,1500,4,1.0508413314819336,0.5072445017737272,(),1000,True
src3/2025-05-05-answerdotai/ModernBERT-base-1e-05-data,1500,5,2.224135160446167,0.5236592245680113,(),1000,True
src3/2025-05-05-answerdotai/ModernBERT-base-1e-05-data,500,0,0.3246755599975586,0.2967088635160712,(),1000,True
src3/2025-05-05-answerdotai/ModernBERT-base-1e-05-data,500,1,0.1405870914459228,0.2525568700962621,(),1000,True
src3/2025-05-05-answerdotai/ModernBERT-base-1e-05-data,500,2,0.2511940002441406,0.3878678085199824,(),1000,True
src3/2025-05-05-answerdotai/ModernBERT-base-1e-05-data,500,3,0.2542417049407959,0.4051651122371545,(),1000,True
src3/2025-05-05-answerdotai/ModernBERT-base-1e-05-data,500,4,0.9607334136962892,0.4829922679229672,(),1000,True
src3/2025-05-05-answerdotai/ModernBERT-base-1e-05-data,500,5,0.3228566646575928,0.4165371665371665,(),1000,True
src3/2025-05-05-answerdotai/ModernBERT-base-1e-05-data,1000,0,1.3576185703277588,0.3960075822894414,(),1000,True
src3/2025-05-05-answerdotai/ModernBERT-base-1e-05-data,1000,1,0.8305320739746094,0.4320704534464159,(),1000,True
src3/2025-05-05-answerdotai/ModernBERT-base-1e-05-data,1000,2,1.1453611850738523,0.4868044515103338,(),1000,True
src3/2025-05-05-answerdotai/ModernBERT-base-1e-05-data,1000,3,0.7637627124786377,0.4765599695805645,(),1000,True
src3/2025-05-05-answerdotai/ModernBERT-base-1e-05-data,1000,4,1.5586767196655271,0.53919895761856,(),1000,True
src3/2025-05-05-answerdotai/ModernBERT-base-1e-05-data,1000,5,0.4816892147064209,0.4504838857170463,(),1000,True
src3/2025-05-05-answerdotai/ModernBERT-base-1e-05-data,1500,0,1.5601787567138672,0.4749811591916855,(),1000,True
src3/2025-05-05-answerdotai/ModernBERT-base-1e-05-data,1500,1,1.566591739654541,0.5082626469441195,(),1000,True
src3/2025-05-05-answerdotai/ModernBERT-base-1e-05-data,1500,2,1.238969326019287,0.5042428623175361,(),1000,True
src3/2025-05-05-answerdotai/ModernBERT-base-1e-05-data,1500,3,2.448533296585083,0.5169142349713735,(),1000,True
src3/2025-05-05-answerdotai/ModernBERT-base-1e-05-data,1500,4,1.7608826160430908,0.5708882362067397,(),1000,True
src3/2025-05-05-answerdotai/ModernBERT-base-1e-05-data,1500,5,2.258618831634521,0.4461270436880193,(),1000,True
src3/2025-05-05-answerdotai/ModernBERT-base-1e-05-data,500,0,0.5303089618682861,0.4038382061612247,(),1000,True
src3/2025-05-05-answerdotai/ModernBERT-base-1e-05-data,500,1,0.557253360748291,0.3967916826125781,(),1000,True
src3/2025-05-05-answerdotai/ModernBERT-base-1e-05-data,500,2,0.2544007301330566,0.2995389370218371,(),1000,True
src3/2025-05-05-answerdotai/ModernBERT-base-1e-05-data,500,3,0.3303365707397461,0.4740356571973415,(),1000,True
src3/2025-05-05-answerdotai/ModernBERT-base-1e-05-data,500,4,0.1681151390075683,0.4489758228888663,(),1000,True
src3/2025-05-05-answerdotai/ModernBERT-base-1e-05-data,500,5,0.553769588470459,0.4268007532021436,(),1000,True
src3/2025-05-05-answerdotai/ModernBERT-base-1e-05-data,1000,0,0.6471507549285889,0.412153578121027,(),1000,True
src3/2025-05-05-answerdotai/ModernBERT-base-1e-05-data,1000,1,1.9475514888763428,0.5253566066066067,(),1000,True
src3/2025-05-05-answerdotai/ModernBERT-base-1e-05-data,1000,2,1.2407948970794678,0.3786155079268467,(),1000,True
src3/2025-05-05-answerdotai/ModernBERT-base-1e-05-data,1000,3,1.1464223861694336,0.5456655334273138,(),1000,True
src3/2025-05-05-answerdotai/ModernBERT-base-1e-05-data,1000,4,0.7520723342895508,0.4601596980255517,(),1000,True
src3/2025-05-05-answerdotai/ModernBERT-base-1e-05-data,1000,5,1.480405569076538,0.5329040620762441,(),1000,True
src3/2025-05-05-answerdotai/ModernBERT-base-1e-05-data,1500,0,1.0730133056640625,0.4737036252634751,(),1000,True
src3/2025-05-05-answerdotai/ModernBERT-base-1e-05-data,1500,1,0.7607111930847168,0.4809818510534733,(),1000,True
src3/2025-05-05-answerdotai/ModernBERT-base-1e-05-data,1500,2,2.423702478408813,0.4915721586337859,(),1000,True
src3/2025-05-05-answerdotai/ModernBERT-base-1e-05-data,1500,3,1.6490633487701416,0.4483947700239835,(),1000,True
src3/2025-05-05-answerdotai/ModernBERT-base-1e-05-data,1500,4,2.850380182266236,0.5182241631797342,(),1000,True
src3/2025-05-05-answerdotai/ModernBERT-base-1e-05-data,1500,5,1.5437581539154053,0.5746990601326164,(),1000,True
src3/2025-05-05-answerdotai/ModernBERT-base-2e-05-data,500,0,0.5214865207672119,0.3173066713392348,(),1000,True
src3/2025-05-05-answerdotai/ModernBERT-base-2e-05-data,500,1,0.2474508285522461,0.3103275391293725,(),1000,True
src3/2025-05-05-answerdotai/ModernBERT-base-2e-05-data,500,2,0.3431253433227539,0.4603922477485695,(),1000,True
src3/2025-05-05-answerdotai/ModernBERT-base-2e-05-data,500,3,0.2675848007202148,0.4093130759997151,(),1000,True
src3/2025-05-05-answerdotai/ModernBERT-base-2e-05-data,500,4,0.2150607109069824,0.4234424538935655,(),1000,True
src3/2025-05-05-answerdotai/ModernBERT-base-2e-05-data,500,5,0.3592488765716553,0.5252005026784551,(),1000,True
src3/2025-05-05-answerdotai/ModernBERT-base-2e-05-data,1000,0,1.9437899589538568,0.3820483749055177,(),1000,True
src3/2025-05-05-answerdotai/ModernBERT-base-2e-05-data,1000,1,1.9324517250061035,0.4968948202959831,(),1000,True
src3/2025-05-05-answerdotai/ModernBERT-base-2e-05-data,1000,2,1.3180146217346191,0.5640900577493367,(),1000,True
src3/2025-05-05-answerdotai/ModernBERT-base-2e-05-data,1000,3,0.930967092514038,0.4880505647692117,(),1000,True
src3/2025-05-05-answerdotai/ModernBERT-base-2e-05-data,1000,4,2.05242133140564,0.5635499243842131,(),1000,True
src3/2025-05-05-answerdotai/ModernBERT-base-2e-05-data,1000,5,1.5419094562530518,0.4777165420596361,(),1000,True
src3/2025-05-05-answerdotai/ModernBERT-base-2e-05-data,1500,0,1.903846979141236,0.3887578857197209,(),1000,True
src3/2025-05-05-answerdotai/ModernBERT-base-2e-05-data,1500,1,2.2371630668640137,0.4647240813321376,(),1000,True
src3/2025-05-05-answerdotai/ModernBERT-base-2e-05-data,1500,2,1.828481674194336,0.5188814158713825,(),1000,True
src3/2025-05-05-answerdotai/ModernBERT-base-2e-05-data,1500,3,0.6510989665985107,0.4267095764363828,(),1000,True
src3/2025-05-05-answerdotai/ModernBERT-base-2e-05-data,1500,4,1.146473407745361,0.4477126914312844,(),1000,True
src3/2025-05-05-answerdotai/ModernBERT-base-2e-05-data,1500,5,2.0722601413726807,0.5596311288211532,(),1000,True
src3/2025-05-05-answerdotai/ModernBERT-base-2e-05-data,500,0,0.2429699897766113,0.3187647877247893,(),1000,True
src3/2025-05-05-answerdotai/ModernBERT-base-2e-05-data,500,1,0.6355104446411133,0.3946207933077403,(),1000,True
src3/2025-05-05-answerdotai/ModernBERT-base-2e-05-data,500,2,0.1694614887237548,0.317050685705828,(),1000,True
src3/2025-05-05-answerdotai/ModernBERT-base-2e-05-data,500,3,0.4665117263793945,0.4009624692409861,(),1000,True
src3/2025-05-05-answerdotai/ModernBERT-base-2e-05-data,500,4,0.8200013637542725,0.4667568819642553,(),1000,True
src3/2025-05-05-answerdotai/ModernBERT-base-2e-05-data,500,5,0.8738110065460205,0.5172758064321715,(),1000,True
src3/2025-05-05-answerdotai/ModernBERT-base-2e-05-data,1000,0,0.920067548751831,0.42705486234898,(),1000,True
src3/2025-05-05-answerdotai/ModernBERT-base-2e-05-data,1000,1,1.137223243713379,0.4685901541234922,(),1000,True
src3/2025-05-05-answerdotai/ModernBERT-base-2e-05-data,1000,2,1.0555908679962158,0.440154144992199,(),1000,True
src3/2025-05-05-answerdotai/ModernBERT-base-2e-05-data,1000,3,1.4348320960998535,0.4550909236700362,(),1000,True
src3/2025-05-05-answerdotai/ModernBERT-base-2e-05-data,1000,4,0.9395077228546144,0.4351575755750329,(),1000,True
src3/2025-05-05-answerdotai/ModernBERT-base-2e-05-data,1000,5,0.4352593421936035,0.4389590322988437,(),1000,True
src3/2025-05-05-answerdotai/ModernBERT-base-2e-05-data,1500,0,0.7550144195556641,0.3971936184709527,(),1000,True
src3/2025-05-05-answerdotai/ModernBERT-base-2e-05-data,1500,1,2.576424360275269,0.4872377536721835,(),1000,True
src3/2025-05-05-answerdotai/ModernBERT-base-2e-05-data,1500,2,1.8377938270568848,0.4423021899034776,(),1000,True
src3/2025-05-05-answerdotai/ModernBERT-base-2e-05-data,1500,3,0.851250410079956,0.4488423795588737,(),1000,True
src3/2025-05-05-answerdotai/ModernBERT-base-2e-05-data,1500,4,0.6390402317047119,0.4151424921654581,(),1000,True
src3/2025-05-05-answerdotai/ModernBERT-base-2e-05-data,1500,5,1.759678840637207,0.4600046689970332,(),1000,True
src3/2025-05-05-answerdotai/ModernBERT-base-2e-05-data,500,0,0.3410055637359619,0.2655812551147866,(),1000,True
src3/2025-05-05-answerdotai/ModernBERT-base-2e-05-data,500,1,0.2458322048187255,0.2193537696768848,(),1000,True
src3/2025-05-05-answerdotai/ModernBERT-base-2e-05-data,500,2,0.5023448467254639,0.4439572316236337,(),1000,True
src3/2025-05-05-answerdotai/ModernBERT-base-2e-05-data,500,3,0.2164089679718017,0.4719709258872074,(),1000,True
src3/2025-05-05-answerdotai/ModernBERT-base-2e-05-data,500,4,0.2629096508026123,0.4375852458044238,(),1000,True
src3/2025-05-05-answerdotai/ModernBERT-base-2e-05-data,500,5,0.2555916309356689,0.4530659459831649,(),1000,True
src3/2025-05-05-answerdotai/ModernBERT-base-2e-05-data,1000,0,0.7273669242858887,0.370850996946187,(),1000,True
src3/2025-05-05-answerdotai/ModernBERT-base-2e-05-data,1000,1,1.3573813438415527,0.4770432051095516,(),1000,True
src3/2025-05-05-answerdotai/ModernBERT-base-2e-05-data,1000,2,1.109357833862305,0.5304948220312714,(),1000,True
src3/2025-05-05-answerdotai/ModernBERT-base-2e-05-data,1000,3,0.829709529876709,0.4671430237287886,(),1000,True
src3/2025-05-05-answerdotai/ModernBERT-base-2e-05-data,1000,4,0.4604249000549316,0.4608465660125997,(),1000,True
src3/2025-05-05-answerdotai/ModernBERT-base-2e-05-data,1000,5,1.604858160018921,0.5211111111111112,(),1000,True
src3/2025-05-05-answerdotai/ModernBERT-base-2e-05-data,1500,0,2.4169957637786865,0.4365695575141852,(),1000,True
src3/2025-05-05-answerdotai/ModernBERT-base-2e-05-data,1500,1,2.1372721195220947,0.5069325735992403,(),1000,True
src3/2025-05-05-answerdotai/ModernBERT-base-2e-05-data,1500,2,1.9249751567840576,0.4858642579522492,(),1000,True
src3/2025-05-05-answerdotai/ModernBERT-base-2e-05-data,1500,3,1.8403308391571045,0.4982741761209224,(),1000,True
src3/2025-05-05-answerdotai/ModernBERT-base-2e-05-data,1500,4,1.4478154182434082,0.4329055829091828,(),1000,True
src3/2025-05-05-answerdotai/ModernBERT-base-2e-05-data,1500,5,1.7411704063415527,0.4922174267061341,(),1000,True
src3/2025-05-05-answerdotai/ModernBERT-base-5e-05-data,500,0,0.1183211803436279,0.2948040403423613,(),1000,True
src3/2025-05-05-answerdotai/ModernBERT-base-5e-05-data,500,1,0.5493564605712891,0.4329419191919192,(),1000,True
src3/2025-05-05-answerdotai/ModernBERT-base-5e-05-data,500,2,0.6387865543365479,0.4247573274633651,(),1000,True
src3/2025-05-05-answerdotai/ModernBERT-base-5e-05-data,500,3,0.3303990364074707,0.4583845197109156,(),1000,True
src3/2025-05-05-answerdotai/ModernBERT-base-5e-05-data,500,4,0.7431371212005615,0.4482200947787749,(),1000,True
src3/2025-05-05-answerdotai/ModernBERT-base-5e-05-data,500,5,0.2340588569641113,0.3439805921868249,(),1000,True
src3/2025-05-05-answerdotai/ModernBERT-base-5e-05-data,1000,0,0.6227693557739258,0.3533516762567041,(),1000,True
src3/2025-05-05-answerdotai/ModernBERT-base-5e-05-data,1000,1,0.2609128952026367,0.2314929671461629,(),1000,True
src3/2025-05-05-answerdotai/ModernBERT-base-5e-05-data,1000,2,1.2680068016052246,0.3969786131558326,(),1000,True
src3/2025-05-05-answerdotai/ModernBERT-base-5e-05-data,1000,3,1.244966983795166,0.4233126248465189,(),1000,True
src3/2025-05-05-answerdotai/ModernBERT-base-5e-05-data,1000,4,1.1477291584014893,0.5095012782822049,(),1000,True
src3/2025-05-05-answerdotai/ModernBERT-base-5e-05-data,1000,5,1.0486879348754885,0.5273055440151411,(),1000,True
src3/2025-05-05-answerdotai/ModernBERT-base-5e-05-data,1500,0,1.1107382774353027,0.3957839781862903,(),1000,True
src3/2025-05-05-answerdotai/ModernBERT-base-5e-05-data,1500,1,2.242729663848877,0.4245927423884956,(),1000,True
src3/2025-05-05-answerdotai/ModernBERT-base-5e-05-data,1500,2,2.021534204483032,0.5050895080068121,(),1000,True
src3/2025-05-05-answerdotai/ModernBERT-base-5e-05-data,1500,3,1.4346954822540283,0.4788192722921516,(),1000,True
src3/2025-05-05-answerdotai/ModernBERT-base-5e-05-data,1500,4,2.336407423019409,0.5336188789703599,(),1000,True
src3/2025-05-05-answerdotai/ModernBERT-base-5e-05-data,1500,5,1.517862319946289,0.5141247815594574,(),1000,True
src3/2025-05-05-answerdotai/ModernBERT-base-5e-05-data,500,0,0.230391263961792,0.3590906101061217,(),1000,True
src3/2025-05-05-answerdotai/ModernBERT-base-5e-05-data,500,1,0.2327864170074463,0.1783414634146341,(),1000,True
src3/2025-05-05-answerdotai/ModernBERT-base-5e-05-data,500,2,0.4473791122436523,0.443053090801538,(),1000,True
src3/2025-05-05-answerdotai/ModernBERT-base-5e-05-data,500,3,0.4614913463592529,0.4942280304934238,(),1000,True
src3/2025-05-05-answerdotai/ModernBERT-base-5e-05-data,500,4,0.5455789566040039,0.5121693121693122,(),1000,True
src3/2025-05-05-answerdotai/ModernBERT-base-5e-05-data,500,5,0.2412784099578857,0.4622591690129122,(),1000,True
src3/2025-05-05-answerdotai/ModernBERT-base-5e-05-data,1000,0,0.7338523864746094,0.3674060898922333,(),1000,True
src3/2025-05-05-answerdotai/ModernBERT-base-5e-05-data,1000,1,0.423879861831665,0.2558276402140805,(),1000,True
src3/2025-05-05-answerdotai/ModernBERT-base-5e-05-data,1000,2,0.960834264755249,0.54344337571474,(),1000,True
src3/2025-05-05-answerdotai/ModernBERT-base-5e-05-data,1000,3,1.5357682704925537,0.486255024782422,(),1000,True
src3/2025-05-05-answerdotai/ModernBERT-base-5e-05-data,1000,4,1.2980260848999023,0.4392730191491802,(),1000,True
src3/2025-05-05-answerdotai/ModernBERT-base-5e-05-data,1000,5,1.033979892730713,0.5221986263611268,(),1000,True
src3/2025-05-05-answerdotai/ModernBERT-base-5e-05-data,1500,0,2.9488019943237305,0.4946633492559205,(),1000,True
src3/2025-05-05-answerdotai/ModernBERT-base-5e-05-data,1500,1,1.4395647048950195,0.4591801341874506,(),1000,True
src3/2025-05-05-answerdotai/ModernBERT-base-5e-05-data,1500,2,0.738633394241333,0.36889016615044,(),1000,True
src3/2025-05-05-answerdotai/ModernBERT-base-5e-05-data,1500,3,1.056856632232666,0.4752217213823181,(),1000,True
src3/2025-05-05-answerdotai/ModernBERT-base-5e-05-data,1500,4,1.7424070835113523,0.4831287165722459,(),1000,True
src3/2025-05-05-answerdotai/ModernBERT-base-5e-05-data,1500,5,1.8668224811553955,0.5334771165063751,(),1000,True
src3/2025-05-05-answerdotai/ModernBERT-base-5e-05-data,500,0,0.2343053817749023,0.1987775113779518,(),1000,True
src3/2025-05-05-answerdotai/ModernBERT-base-5e-05-data,500,1,0.2610971927642822,0.418829370191002,(),1000,True
src3/2025-05-05-answerdotai/ModernBERT-base-5e-05-data,500,2,0.4538788795471191,0.4449863084685183,(),1000,True
src3/2025-05-05-answerdotai/ModernBERT-base-5e-05-data,500,3,0.1882591247558593,0.4837801445778042,(),1000,True
src3/2025-05-05-answerdotai/ModernBERT-base-5e-05-data,500,4,1.0400588512420654,0.4876822523881348,(),1000,True
src3/2025-05-05-answerdotai/ModernBERT-base-5e-05-data,500,5,0.9539337158203124,0.4855040107547901,(),1000,True
src3/2025-05-05-answerdotai/ModernBERT-base-5e-05-data,1000,0,1.2443976402282717,0.5103120202130103,(),1000,True
src3/2025-05-05-answerdotai/ModernBERT-base-5e-05-data,1000,1,0.826397180557251,0.4167435611960006,(),1000,True
src3/2025-05-05-answerdotai/ModernBERT-base-5e-05-data,1000,2,0.7448246479034424,0.4677653869032923,(),1000,True
src3/2025-05-05-answerdotai/ModernBERT-base-5e-05-data,1000,3,0.8626861572265625,0.5253737996126543,(),1000,True
src3/2025-05-05-answerdotai/ModernBERT-base-5e-05-data,1000,4,0.958199977874756,0.4831988162496636,(),1000,True
src3/2025-05-05-answerdotai/ModernBERT-base-5e-05-data,1000,5,0.3354854583740234,0.3973432292785519,(),1000,True
src3/2025-05-05-answerdotai/ModernBERT-base-5e-05-data,1500,0,2.834580183029175,0.4792367393725905,(),1000,True
src3/2025-05-05-answerdotai/ModernBERT-base-5e-05-data,1500,1,0.6613202095031738,0.3497494898376392,(),1000,True
src3/2025-05-05-answerdotai/ModernBERT-base-5e-05-data,1500,2,1.5554485321044922,0.4757582592107056,(),1000,True
src3/2025-05-05-answerdotai/ModernBERT-base-5e-05-data,1500,3,2.2361650466918945,0.4838724396395803,(),1000,True
src3/2025-05-05-answerdotai/ModernBERT-base-5e-05-data,1500,4,0.8595790863037109,0.5026593508604019,(),1000,True
src3/2025-05-05-answerdotai/ModernBERT-base-5e-05-data,1500,5,1.6521148681640625,0.527141734990849,(),1000,True
src3/2025-05-05-answerdotai/ModernBERT-base-5e-06-data,500,0,0.0685484409332275,0.234954377021223,(),1000,True
src3/2025-05-05-answerdotai/ModernBERT-base-5e-06-data,500,1,0.3372540473937988,0.528935459768466,(),1000,True
src3/2025-05-05-answerdotai/ModernBERT-base-5e-06-data,500,2,0.1689918041229248,0.3248370900544814,(),1000,True
src3/2025-05-05-answerdotai/ModernBERT-base-5e-06-data,500,3,0.348156213760376,0.412514031242219,(),1000,True
src3/2025-05-05-answerdotai/ModernBERT-base-5e-06-data,500,4,0.5595345497131348,0.5370962344661597,(),1000,True
src3/2025-05-05-answerdotai/ModernBERT-base-5e-06-data,500,5,0.7556178569793701,0.4585140394645644,(),1000,True
src3/2025-05-05-answerdotai/ModernBERT-base-5e-06-data,1000,0,0.931044340133667,0.4210956841444038,(),1000,True
src3/2025-05-05-answerdotai/ModernBERT-base-5e-06-data,1000,1,1.6548287868499756,0.4769439596664727,(),1000,True
src3/2025-05-05-answerdotai/ModernBERT-base-5e-06-data,1000,2,0.7110371589660645,0.5241592251988094,(),1000,True
src3/2025-05-05-answerdotai/ModernBERT-base-5e-06-data,1000,3,1.949750661849976,0.4652776150214069,(),1000,True
src3/2025-05-05-answerdotai/ModernBERT-base-5e-06-data,1000,4,1.0312771797180176,0.5166235825793618,(),1000,True
src3/2025-05-05-answerdotai/ModernBERT-base-5e-06-data,1000,5,1.467726469039917,0.5816884813273403,(),1000,True
src3/2025-05-05-answerdotai/ModernBERT-base-5e-06-data,1500,0,1.112332820892334,0.4041165163503555,(),1000,True
src3/2025-05-05-answerdotai/ModernBERT-base-5e-06-data,1500,1,2.6647634506225586,0.5079639448654335,(),1000,True
src3/2025-05-05-answerdotai/ModernBERT-base-5e-06-data,1500,2,2.627938032150269,0.5077240561111528,(),1000,True
src3/2025-05-05-answerdotai/ModernBERT-base-5e-06-data,1500,3,1.9732637405395508,0.4862365684700711,(),1000,True
src3/2025-05-05-answerdotai/ModernBERT-base-5e-06-data,1500,4,1.2200429439544678,0.4967330718414533,(),1000,True
src3/2025-05-05-answerdotai/ModernBERT-base-5e-06-data,1500,5,3.027808666229248,0.5055475746518089,(),1000,True
src3/2025-05-05-answerdotai/ModernBERT-base-5e-06-data,500,0,0.1311025619506836,0.2272607030978072,(),1000,True
src3/2025-05-05-answerdotai/ModernBERT-base-5e-06-data,500,1,0.2450802326202392,0.3459735924265072,(),1000,True
src3/2025-05-05-answerdotai/ModernBERT-base-5e-06-data,500,2,0.4457790851593017,0.4614665170220726,(),1000,True
src3/2025-05-05-answerdotai/ModernBERT-base-5e-06-data,500,3,0.454829454421997,0.4859977573766945,(),1000,True
src3/2025-05-05-answerdotai/ModernBERT-base-5e-06-data,500,4,0.4777977466583252,0.4781315749504953,(),1000,True
src3/2025-05-05-answerdotai/ModernBERT-base-5e-06-data,500,5,0.3431925773620605,0.4396687110278066,(),1000,True
src3/2025-05-05-answerdotai/ModernBERT-base-5e-06-data,1000,0,2.0562784671783447,0.4541586325625447,(),1000,True
src3/2025-05-05-answerdotai/ModernBERT-base-5e-06-data,1000,1,1.0142436027526855,0.4866535181022429,(),1000,True
src3/2025-05-05-answerdotai/ModernBERT-base-5e-06-data,1000,2,0.6400935649871826,0.5147213344023783,(),1000,True
src3/2025-05-05-answerdotai/ModernBERT-base-5e-06-data,1000,3,0.4483282566070556,0.3915186830579595,(),1000,True
src3/2025-05-05-answerdotai/ModernBERT-base-5e-06-data,1000,4,0.8571047782897949,0.5109345785816374,(),1000,True
src3/2025-05-05-answerdotai/ModernBERT-base-5e-06-data,1000,5,0.9565997123718262,0.4918233809953555,(),1000,True
src3/2025-05-05-answerdotai/ModernBERT-base-5e-06-data,1500,0,2.556503772735596,0.4307874415711445,(),1000,True
src3/2025-05-05-answerdotai/ModernBERT-base-5e-06-data,1500,1,0.5950398445129395,0.5271116716465918,(),1000,True
src3/2025-05-05-answerdotai/ModernBERT-base-5e-06-data,1500,2,2.052511215209961,0.435432903594142,(),1000,True
src3/2025-05-05-answerdotai/ModernBERT-base-5e-06-data,1500,3,1.1670644283294678,0.4994251387300707,(),1000,True
src3/2025-05-05-answerdotai/ModernBERT-base-5e-06-data,1500,4,2.7530758380889893,0.5212161599430233,(),1000,True
src3/2025-05-05-answerdotai/ModernBERT-base-5e-06-data,1500,5,4.046280145645142,0.5690285115395392,(),1000,True
src3/2025-05-05-answerdotai/ModernBERT-base-5e-06-data,500,0,0.3514316082000732,0.3799134259271627,(),1000,True
src3/2025-05-05-answerdotai/ModernBERT-base-5e-06-data,500,1,0.1643199920654297,0.2737931823381377,(),1000,True
src3/2025-05-05-answerdotai/ModernBERT-base-5e-06-data,500,2,0.3316292762756347,0.4881644375050948,(),1000,True
src3/2025-05-05-answerdotai/ModernBERT-base-5e-06-data,500,3,0.4617152214050293,0.4768509955790188,(),1000,True
src3/2025-05-05-answerdotai/ModernBERT-base-5e-06-data,500,4,0.2634670734405517,0.50313318442605,(),1000,True
src3/2025-05-05-answerdotai/ModernBERT-base-5e-06-data,500,5,0.3611860275268554,0.4957566289854607,(),1000,True
src3/2025-05-05-answerdotai/ModernBERT-base-5e-06-data,1000,0,1.3533039093017578,0.4950369964929351,(),1000,True
src3/2025-05-05-answerdotai/ModernBERT-base-5e-06-data,1000,1,1.461796522140503,0.449303134767864,(),1000,True
src3/2025-05-05-answerdotai/ModernBERT-base-5e-06-data,1000,2,1.0591073036193848,0.5378656700923908,(),1000,True
src3/2025-05-05-answerdotai/ModernBERT-base-5e-06-data,1000,3,1.1528587341308594,0.5157947465639774,(),1000,True
src3/2025-05-05-answerdotai/ModernBERT-base-5e-06-data,1000,4,0.7375614643096924,0.5133446983157967,(),1000,True
src3/2025-05-05-answerdotai/ModernBERT-base-5e-06-data,1000,5,1.2438173294067385,0.490761220689393,(),1000,True
src3/2025-05-05-answerdotai/ModernBERT-base-5e-06-data,1500,0,1.4628679752349854,0.4675293409431536,(),1000,True
src3/2025-05-05-answerdotai/ModernBERT-base-5e-06-data,1500,1,1.8478310108184808,0.4413803500341554,(),1000,True
src3/2025-05-05-answerdotai/ModernBERT-base-5e-06-data,1500,2,1.050349235534668,0.5028583533399238,(),1000,True
src3/2025-05-05-answerdotai/ModernBERT-base-5e-06-data,1500,3,1.5441901683807373,0.5310435286867632,(),1000,True
src3/2025-05-05-answerdotai/ModernBERT-base-5e-06-data,1500,4,2.648500680923462,0.4395953306213448,(),1000,True
src3/2025-05-05-answerdotai/ModernBERT-base-5e-06-data,1500,5,1.4145121574401855,0.4674855651787697,(),1000,True
src3/2025-05-05-FacebookAI/roberta-base-1e-05-data,500,0,0.2271065711975097,0.1762034514078111,(),1000,True
src3/2025-05-05-FacebookAI/roberta-base-1e-05-data,500,1,0.3639123439788818,0.4454700854700855,(),1000,True
src3/2025-05-05-FacebookAI/roberta-base-1e-05-data,500,2,0.2326180934906005,0.535383358080965,(),1000,True
src3/2025-05-05-FacebookAI/roberta-base-1e-05-data,500,3,0.6473410129547119,0.5165514407145569,(),1000,True
src3/2025-05-05-FacebookAI/roberta-base-1e-05-data,500,4,0.2491276264190673,0.5601888225250367,(),1000,True
src3/2025-05-05-FacebookAI/roberta-base-1e-05-data,500,5,0.2733473777770996,0.5099867999411378,(),1000,True
src3/2025-05-05-FacebookAI/roberta-base-1e-05-data,1000,0,0.633167028427124,0.3879184006675433,(),1000,True
src3/2025-05-05-FacebookAI/roberta-base-1e-05-data,1000,1,0.8301229476928711,0.5028888372555543,(),1000,True
src3/2025-05-05-FacebookAI/roberta-base-1e-05-data,1000,2,0.5920965671539307,0.5228846484287414,(),1000,True
src3/2025-05-05-FacebookAI/roberta-base-1e-05-data,1000,3,0.2728860378265381,0.5097248777903676,(),1000,True
src3/2025-05-05-FacebookAI/roberta-base-1e-05-data,1000,4,0.7516605854034424,0.5027772345567056,(),1000,True
src3/2025-05-05-FacebookAI/roberta-base-1e-05-data,1000,5,0.2462301254272461,0.5925985245499797,(),1000,True
src3/2025-05-05-FacebookAI/roberta-base-1e-05-data,1500,0,1.5591833591461182,0.5243238465293979,(),1000,True
src3/2025-05-05-FacebookAI/roberta-base-1e-05-data,1500,1,1.134652614593506,0.645560535549717,(),1000,True
src3/2025-05-05-FacebookAI/roberta-base-1e-05-data,1500,2,0.5367450714111328,0.5336254667739473,(),1000,True
src3/2025-05-05-FacebookAI/roberta-base-1e-05-data,1500,3,2.663273334503174,0.5474603174603175,(),1000,True
src3/2025-05-05-FacebookAI/roberta-base-1e-05-data,1500,4,0.5248367786407471,0.5571432266309085,(),1000,True
src3/2025-05-05-FacebookAI/roberta-base-1e-05-data,1500,5,1.1432044506072998,0.5774977343761272,(),1000,True
src3/2025-05-05-FacebookAI/roberta-base-1e-05-data,500,0,0.6417539119720459,0.4202594705605531,(),1000,True
src3/2025-05-05-FacebookAI/roberta-base-1e-05-data,500,1,0.2465505599975586,0.2764015645371577,(),1000,True
src3/2025-05-05-FacebookAI/roberta-base-1e-05-data,500,2,0.5514349937438965,0.5904255319148937,(),1000,True
src3/2025-05-05-FacebookAI/roberta-base-1e-05-data,500,3,0.2603518962860107,0.5667515993513806,(),1000,True
src3/2025-05-05-FacebookAI/roberta-base-1e-05-data,500,4,0.6550567150115967,0.5265546845838,(),1000,True
src3/2025-05-05-FacebookAI/roberta-base-1e-05-data,500,5,0.1349198818206787,0.5247681925622878,(),1000,True
src3/2025-05-05-FacebookAI/roberta-base-1e-05-data,1000,0,0.5370218753814697,0.516078431372549,(),1000,True
src3/2025-05-05-FacebookAI/roberta-base-1e-05-data,1000,1,0.8292269706726074,0.4983435933129819,(),1000,True
src3/2025-05-05-FacebookAI/roberta-base-1e-05-data,1000,2,0.2768042087554931,0.4823155812849045,(),1000,True
src3/2025-05-05-FacebookAI/roberta-base-1e-05-data,1000,3,0.5784816741943359,0.6041776449904196,(),1000,True
src3/2025-05-05-FacebookAI/roberta-base-1e-05-data,1000,4,0.4531052112579345,0.5074145490235232,(),1000,True
src3/2025-05-05-FacebookAI/roberta-base-1e-05-data,1000,5,0.3540279865264892,0.5410165965721522,(),1000,True
src3/2025-05-05-FacebookAI/roberta-base-1e-05-data,1500,0,0.960289478302002,0.4895130777423823,(),1000,True
src3/2025-05-05-FacebookAI/roberta-base-1e-05-data,1500,1,1.7457115650177002,0.5219054580896686,(),1000,True
src3/2025-05-05-FacebookAI/roberta-base-1e-05-data,1500,2,0.6604070663452148,0.5159684137597141,(),1000,True
src3/2025-05-05-FacebookAI/roberta-base-1e-05-data,1500,3,2.352190017700196,0.5764851532293392,(),1000,True
src3/2025-05-05-FacebookAI/roberta-base-1e-05-data,1500,4,2.0539214611053467,0.5911646001497878,(),1000,True
src3/2025-05-05-FacebookAI/roberta-base-1e-05-data,1500,5,0.624685525894165,0.503630746758062,(),1000,True
src3/2025-05-05-FacebookAI/roberta-base-1e-05-data,500,0,0.4246537685394287,0.2675804727086778,(),1000,True
src3/2025-05-05-FacebookAI/roberta-base-1e-05-data,500,1,0.7737855911254883,0.5190264655876539,(),1000,True
src3/2025-05-05-FacebookAI/roberta-base-1e-05-data,500,2,0.3650240898132324,0.3997906611550489,(),1000,True
src3/2025-05-05-FacebookAI/roberta-base-1e-05-data,500,3,0.2784228324890136,0.5838708048762576,(),1000,True
src3/2025-05-05-FacebookAI/roberta-base-1e-05-data,500,4,0.2426578998565673,0.5358031534860803,(),1000,True
src3/2025-05-05-FacebookAI/roberta-base-1e-05-data,500,5,0.3882739543914795,0.5478292598308391,(),1000,True
src3/2025-05-05-FacebookAI/roberta-base-1e-05-data,1000,0,1.1194331645965576,0.4594234940789078,(),1000,True
src3/2025-05-05-FacebookAI/roberta-base-1e-05-data,1000,1,2.3901560306549072,0.5391775476460438,(),1000,True
src3/2025-05-05-FacebookAI/roberta-base-1e-05-data,1000,2,0.5802116394042969,0.5589010478971608,(),1000,True
src3/2025-05-05-FacebookAI/roberta-base-1e-05-data,1000,3,0.6151888370513916,0.5311247522724505,(),1000,True
src3/2025-05-05-FacebookAI/roberta-base-1e-05-data,1000,4,0.4878971576690674,0.4972809490251351,(),1000,True
src3/2025-05-05-FacebookAI/roberta-base-1e-05-data,1000,5,0.8976607322692871,0.6488215917297095,(),1000,True
src3/2025-05-05-FacebookAI/roberta-base-1e-05-data,1500,0,1.095367670059204,0.5439981159082282,(),1000,True
src3/2025-05-05-FacebookAI/roberta-base-1e-05-data,1500,1,1.6967706680297852,0.5759119283666654,(),1000,True
src3/2025-05-05-FacebookAI/roberta-base-1e-05-data,1500,2,1.4345543384552002,0.6120785601575743,(),1000,True
src3/2025-05-05-FacebookAI/roberta-base-1e-05-data,1500,3,1.3594443798065186,0.6060753141626485,(),1000,True
src3/2025-05-05-FacebookAI/roberta-base-1e-05-data,1500,4,1.4157793521881104,0.5383249421784028,(),1000,True
src3/2025-05-05-FacebookAI/roberta-base-1e-05-data,1500,5,1.8597495555877688,0.5676003941477185,(),1000,True
src3/2025-05-05-FacebookAI/roberta-base-2e-05-data,500,0,0.5023565292358398,0.5311178354656615,(),1000,True
src3/2025-05-05-FacebookAI/roberta-base-2e-05-data,500,1,0.4354166984558105,0.419885666134679,(),1000,True
src3/2025-05-05-FacebookAI/roberta-base-2e-05-data,500,2,0.2009704113006591,0.4388032692776977,(),1000,True
src3/2025-05-05-FacebookAI/roberta-base-2e-05-data,500,3,0.2709643840789795,0.5804291794269719,(),1000,True
src3/2025-05-05-FacebookAI/roberta-base-2e-05-data,500,4,0.0508408546447753,0.5378090819814901,(),1000,True
src3/2025-05-05-FacebookAI/roberta-base-2e-05-data,500,5,0.1345810890197754,0.511512467253699,(),1000,True
src3/2025-05-05-FacebookAI/roberta-base-2e-05-data,1000,0,0.560107946395874,0.5343481752662265,(),1000,True
src3/2025-05-05-FacebookAI/roberta-base-2e-05-data,1000,1,0.6641974449157715,0.3972998339470074,(),1000,True
src3/2025-05-05-FacebookAI/roberta-base-2e-05-data,1000,2,0.8586914539337158,0.5613937736363366,(),1000,True
src3/2025-05-05-FacebookAI/roberta-base-2e-05-data,1000,3,0.7546648979187012,0.5459829134002526,(),1000,True
src3/2025-05-05-FacebookAI/roberta-base-2e-05-data,1000,4,0.7490231990814209,0.5733143290193494,(),1000,True
src3/2025-05-05-FacebookAI/roberta-base-2e-05-data,1000,5,0.7406446933746338,0.59425761141515,(),1000,True
src3/2025-05-05-FacebookAI/roberta-base-2e-05-data,1500,0,0.862332820892334,0.4571968417540261,(),1000,True
src3/2025-05-05-FacebookAI/roberta-base-2e-05-data,1500,1,2.152911901473999,0.5840149303962905,(),1000,True
src3/2025-05-05-FacebookAI/roberta-base-2e-05-data,1500,2,0.9637770652770996,0.543657405449599,(),1000,True
src3/2025-05-05-FacebookAI/roberta-base-2e-05-data,1500,3,1.5189921855926514,0.5475810738968634,(),1000,True
src3/2025-05-05-FacebookAI/roberta-base-2e-05-data,1500,4,0.8540241718292236,0.5656952474391769,(),1000,True
src3/2025-05-05-FacebookAI/roberta-base-2e-05-data,1500,5,1.8374354839324951,0.5651143453527846,(),1000,True
src3/2025-05-05-FacebookAI/roberta-base-2e-05-data,500,0,0.6166841983795166,0.5023493479540315,(),1000,True
src3/2025-05-05-FacebookAI/roberta-base-2e-05-data,500,1,0.6534361839294434,0.4915138349277965,(),1000,True
src3/2025-05-05-FacebookAI/roberta-base-2e-05-data,500,2,0.3403427600860595,0.6084203658732337,(),1000,True
src3/2025-05-05-FacebookAI/roberta-base-2e-05-data,500,3,0.4588663578033447,0.5634131849339884,(),1000,True
src3/2025-05-05-FacebookAI/roberta-base-2e-05-data,500,4,0.252556562423706,0.6322918220233656,(),1000,True
src3/2025-05-05-FacebookAI/roberta-base-2e-05-data,500,5,0.2540433406829834,0.5921886417309757,(),1000,True
src3/2025-05-05-FacebookAI/roberta-base-2e-05-data,1000,0,1.0596535205841064,0.5719977522594738,(),1000,True
src3/2025-05-05-FacebookAI/roberta-base-2e-05-data,1000,1,1.0243844985961914,0.5786469389263801,(),1000,True
src3/2025-05-05-FacebookAI/roberta-base-2e-05-data,1000,2,1.2403795719146729,0.5165118417595616,(),1000,True
src3/2025-05-05-FacebookAI/roberta-base-2e-05-data,1000,3,0.619952917098999,0.5179529616724738,(),1000,True
src3/2025-05-05-FacebookAI/roberta-base-2e-05-data,1000,4,0.5365326404571533,0.5581962481962481,(),1000,True
src3/2025-05-05-FacebookAI/roberta-base-2e-05-data,1000,5,0.3640275001525879,0.5415750048647913,(),1000,True
src3/2025-05-05-FacebookAI/roberta-base-2e-05-data,1500,0,1.162304401397705,0.5511020120329024,(),1000,True
src3/2025-05-05-FacebookAI/roberta-base-2e-05-data,1500,1,1.1437621116638184,0.5949648073659982,(),1000,True
src3/2025-05-05-FacebookAI/roberta-base-2e-05-data,1500,2,0.7505736351013184,0.5560510286364497,(),1000,True
src3/2025-05-05-FacebookAI/roberta-base-2e-05-data,1500,3,0.5416970252990723,0.5790950883415071,(),1000,True
src3/2025-05-05-FacebookAI/roberta-base-2e-05-data,1500,4,0.7432851791381836,0.5867021248386823,(),1000,True
src3/2025-05-05-FacebookAI/roberta-base-2e-05-data,1500,5,0.8616070747375488,0.534979871613535,(),1000,True
src3/2025-05-05-FacebookAI/roberta-base-2e-05-data,500,0,0.4393272399902344,0.3607500510933987,(),1000,True
src3/2025-05-05-FacebookAI/roberta-base-2e-05-data,500,1,0.6386847496032715,0.564019314019314,(),1000,True
src3/2025-05-05-FacebookAI/roberta-base-2e-05-data,500,2,0.3597059249877929,0.577304696534179,(),1000,True
src3/2025-05-05-FacebookAI/roberta-base-2e-05-data,500,3,0.5066530704498291,0.5721117876525553,(),1000,True
src3/2025-05-05-FacebookAI/roberta-base-2e-05-data,500,4,0.4296627044677734,0.5421114099926913,(),1000,True
src3/2025-05-05-FacebookAI/roberta-base-2e-05-data,500,5,0.4498617649078369,0.5640691192865106,(),1000,True
src3/2025-05-05-FacebookAI/roberta-base-2e-05-data,1000,0,0.7370994091033936,0.5130918464251798,(),1000,True
src3/2025-05-05-FacebookAI/roberta-base-2e-05-data,1000,1,1.3439130783081057,0.5643063493809762,(),1000,True
src3/2025-05-05-FacebookAI/roberta-base-2e-05-data,1000,2,0.7447860240936279,0.5216436313958125,(),1000,True
src3/2025-05-05-FacebookAI/roberta-base-2e-05-data,1000,3,1.4434590339660645,0.5425041119795136,(),1000,True
src3/2025-05-05-FacebookAI/roberta-base-2e-05-data,1000,4,0.9217898845672609,0.581776721669227,(),1000,True
src3/2025-05-05-FacebookAI/roberta-base-2e-05-data,1000,5,1.8428969383239744,0.6169187283270682,(),1000,True
src3/2025-05-05-FacebookAI/roberta-base-2e-05-data,1500,0,0.951841115951538,0.5546127946127947,(),1000,True
src3/2025-05-05-FacebookAI/roberta-base-2e-05-data,1500,1,1.1195824146270752,0.6031691501696225,(),1000,True
src3/2025-05-05-FacebookAI/roberta-base-2e-05-data,1500,2,0.541245698928833,0.4586744328083063,(),1000,True
src3/2025-05-05-FacebookAI/roberta-base-2e-05-data,1500,3,1.818166971206665,0.5699818305554251,(),1000,True
src3/2025-05-05-FacebookAI/roberta-base-2e-05-data,1500,4,0.9338676929473876,0.5371223758320532,(),1000,True
src3/2025-05-05-FacebookAI/roberta-base-2e-05-data,1500,5,0.3639333248138428,0.5498358424386559,(),1000,True
src3/2025-05-05-FacebookAI/roberta-base-5e-05-data,500,0,0.1488254070281982,0.1788617886178861,(),1000,True
src3/2025-05-05-FacebookAI/roberta-base-5e-05-data,500,1,0.6368012428283691,0.5657189421042789,(),1000,True
src3/2025-05-05-FacebookAI/roberta-base-5e-05-data,500,2,0.4416942596435547,0.5387283462729443,(),1000,True
src3/2025-05-05-FacebookAI/roberta-base-5e-05-data,500,3,0.259702205657959,0.5873343383536228,(),1000,True
src3/2025-05-05-FacebookAI/roberta-base-5e-05-data,500,4,0.2483420372009277,0.5655915386000776,(),1000,True
src3/2025-05-05-FacebookAI/roberta-base-5e-05-data,500,5,0.3373286724090576,0.5385944672897632,(),1000,True
src3/2025-05-05-FacebookAI/roberta-base-5e-05-data,1000,0,0.929929256439209,0.5241787624140565,(),1000,True
src3/2025-05-05-FacebookAI/roberta-base-5e-05-data,1000,1,0.9434809684753418,0.4443369868901783,(),1000,True
src3/2025-05-05-FacebookAI/roberta-base-5e-05-data,1000,2,0.2695286273956299,0.5154332876753067,(),1000,True
src3/2025-05-05-FacebookAI/roberta-base-5e-05-data,1000,3,1.353233814239502,0.5068321421372189,(),1000,True
src3/2025-05-05-FacebookAI/roberta-base-5e-05-data,1000,4,1.601637601852417,0.5423700172868929,(),1000,True
src3/2025-05-05-FacebookAI/roberta-base-5e-05-data,1000,5,0.9451305866241456,0.5760405941032539,(),1000,True
src3/2025-05-05-FacebookAI/roberta-base-5e-05-data,1500,0,1.6557557582855225,0.5228454740294449,(),1000,True
src3/2025-05-05-FacebookAI/roberta-base-5e-05-data,1500,1,2.14112401008606,0.618280211772649,(),1000,True
src3/2025-05-05-FacebookAI/roberta-base-5e-05-data,1500,2,1.1242480278015137,0.5402889403702081,(),1000,True
src3/2025-05-05-FacebookAI/roberta-base-5e-05-data,1500,3,1.3285434246063232,0.5784832451499118,(),1000,True
src3/2025-05-05-FacebookAI/roberta-base-5e-05-data,1500,4,0.9195218086242676,0.6099300538929021,(),1000,True
src3/2025-05-05-FacebookAI/roberta-base-5e-05-data,1500,5,0.4742789268493652,0.5571537096009653,(),1000,True
src3/2025-05-05-FacebookAI/roberta-base-5e-05-data,500,0,0.6263186931610107,0.3817989387296318,(),1000,True
src3/2025-05-05-FacebookAI/roberta-base-5e-05-data,500,1,0.1430482864379882,0.1643323996265172,(),1000,True
src3/2025-05-05-FacebookAI/roberta-base-5e-05-data,500,2,0.6766331195831299,0.4577971519907004,(),1000,True
src3/2025-05-05-FacebookAI/roberta-base-5e-05-data,500,3,0.3626537322998047,0.5509315165908573,(),1000,True
src3/2025-05-05-FacebookAI/roberta-base-5e-05-data,500,4,0.5377650260925293,0.5031945013522446,(),1000,True
src3/2025-05-05-FacebookAI/roberta-base-5e-05-data,500,5,0.2619690895080566,0.6050765458280867,(),1000,True
src3/2025-05-05-FacebookAI/roberta-base-5e-05-data,1000,0,0.6538875102996826,0.4358728397583438,(),1000,True
src3/2025-05-05-FacebookAI/roberta-base-5e-05-data,1000,1,0.1517977714538574,0.1789954337899543,(),1000,True
src3/2025-05-05-FacebookAI/roberta-base-5e-05-data,1000,2,0.1591885089874267,0.4806482908177824,(),1000,True
src3/2025-05-05-FacebookAI/roberta-base-5e-05-data,1000,3,0.8395144939422607,0.5722767591493864,(),1000,True
src3/2025-05-05-FacebookAI/roberta-base-5e-05-data,1000,4,0.3655493259429931,0.5002988397443003,(),1000,True
src3/2025-05-05-FacebookAI/roberta-base-5e-05-data,1000,5,0.338996410369873,0.6234875032447065,(),1000,True
src3/2025-05-05-FacebookAI/roberta-base-5e-05-data,1500,0,1.2655236721038818,0.5118221200412981,(),1000,True
src3/2025-05-05-FacebookAI/roberta-base-5e-05-data,1500,1,1.037346124649048,0.5677104426137047,(),1000,True
src3/2025-05-05-FacebookAI/roberta-base-5e-05-data,1500,2,1.038383722305298,0.5322904290901457,(),1000,True
src3/2025-05-05-FacebookAI/roberta-base-5e-05-data,1500,3,1.5569815635681152,0.5045789995726354,(),1000,True
src3/2025-05-05-FacebookAI/roberta-base-5e-05-data,1500,4,2.353304624557495,0.5674916316522342,(),1000,True
src3/2025-05-05-FacebookAI/roberta-base-5e-05-data,1500,5,0.4649946689605713,0.5811237373737373,(),1000,True
src3/2025-05-05-FacebookAI/roberta-base-5e-05-data,500,0,0.4586126804351806,0.48568248248044,(),1000,True
src3/2025-05-05-FacebookAI/roberta-base-5e-05-data,500,1,0.4801721572875976,0.4506785454035447,(),1000,True
src3/2025-05-05-FacebookAI/roberta-base-5e-05-data,500,2,0.2508761882781982,0.5074891067538126,(),1000,True
src3/2025-05-05-FacebookAI/roberta-base-5e-05-data,500,3,0.3590171337127685,0.4845971735019416,(),1000,True
src3/2025-05-05-FacebookAI/roberta-base-5e-05-data,500,4,0.170825719833374,0.647686814277621,(),1000,True
src3/2025-05-05-FacebookAI/roberta-base-5e-05-data,500,5,0.1590995788574218,0.4860082039387496,(),1000,True
src3/2025-05-05-FacebookAI/roberta-base-5e-05-data,1000,0,1.1980390548706057,0.460021821359529,(),1000,True
src3/2025-05-05-FacebookAI/roberta-base-5e-05-data,1000,1,1.166804313659668,0.5623527676837314,(),1000,True
src3/2025-05-05-FacebookAI/roberta-base-5e-05-data,1000,2,1.1538615226745603,0.5521747013893611,(),1000,True
src3/2025-05-05-FacebookAI/roberta-base-5e-05-data,1000,3,0.6757833957672119,0.5557226399331663,(),1000,True
src3/2025-05-05-FacebookAI/roberta-base-5e-05-data,1000,4,0.3322553634643554,0.5195108984582669,(),1000,True
src3/2025-05-05-FacebookAI/roberta-base-5e-05-data,1000,5,0.8495047092437744,0.561349943006025,(),1000,True
src3/2025-05-05-FacebookAI/roberta-base-5e-05-data,1500,0,1.6381793022155762,0.5490363666834255,(),1000,True
src3/2025-05-05-FacebookAI/roberta-base-5e-05-data,1500,1,1.1452593803405762,0.5738081086435763,(),1000,True
src3/2025-05-05-FacebookAI/roberta-base-5e-05-data,1500,2,1.5190701484680176,0.563297864999517,(),1000,True
src3/2025-05-05-FacebookAI/roberta-base-5e-05-data,1500,3,0.8418612480163574,0.5669744804507495,(),1000,True
src3/2025-05-05-FacebookAI/roberta-base-5e-05-data,1500,4,0.5503907203674316,0.5354813456255639,(),1000,True
src3/2025-05-05-FacebookAI/roberta-base-5e-05-data,1500,5,1.459202766418457,0.5498130827527019,(),1000,True
src3/2025-05-05-FacebookAI/roberta-base-5e-06-data,500,0,0.3425748348236084,0.4336597542242703,(),1000,True
src3/2025-05-05-FacebookAI/roberta-base-5e-06-data,500,1,0.2571921348571777,0.3657360453760048,(),1000,True
src3/2025-05-05-FacebookAI/roberta-base-5e-06-data,500,2,0.1911232471466064,0.432410884135022,(),1000,True
src3/2025-05-05-FacebookAI/roberta-base-5e-06-data,500,3,0.3426074981689453,0.5416764963158069,(),1000,True
src3/2025-05-05-FacebookAI/roberta-base-5e-06-data,500,4,0.2203536033630371,0.4746816932797646,(),1000,True
src3/2025-05-05-FacebookAI/roberta-base-5e-06-data,500,5,0.1482946872711181,0.5588455980033453,(),1000,True
src3/2025-05-05-FacebookAI/roberta-base-5e-06-data,1000,0,1.4520578384399414,0.517916981297263,(),1000,True
src3/2025-05-05-FacebookAI/roberta-base-5e-06-data,1000,1,1.0579595565795898,0.5255754493357466,(),1000,True
src3/2025-05-05-FacebookAI/roberta-base-5e-06-data,1000,2,0.3203015327453613,0.4784348318688381,(),1000,True
src3/2025-05-05-FacebookAI/roberta-base-5e-06-data,1000,3,0.6502761840820312,0.549213470699014,(),1000,True
src3/2025-05-05-FacebookAI/roberta-base-5e-06-data,1000,4,0.5105946063995361,0.5823297492838714,(),1000,True
src3/2025-05-05-FacebookAI/roberta-base-5e-06-data,1000,5,0.4655487537384033,0.5370174052135366,(),1000,True
src3/2025-05-05-FacebookAI/roberta-base-5e-06-data,1500,0,1.943779468536377,0.5695961040439398,(),1000,True
src3/2025-05-05-FacebookAI/roberta-base-5e-06-data,1500,1,1.4167354106903076,0.5336485624760442,(),1000,True
src3/2025-05-05-FacebookAI/roberta-base-5e-06-data,1500,2,0.8395748138427734,0.5475303960533809,(),1000,True
src3/2025-05-05-FacebookAI/roberta-base-5e-06-data,1500,3,0.5518651008605957,0.5488099537573105,(),1000,True
src3/2025-05-05-FacebookAI/roberta-base-5e-06-data,1500,4,1.3311388492584229,0.5964253394451112,(),1000,True
src3/2025-05-05-FacebookAI/roberta-base-5e-06-data,1500,5,2.237232685089112,0.5581455581455582,(),1000,True
src3/2025-05-05-FacebookAI/roberta-base-5e-06-data,500,0,0.2397115230560302,0.4001935578349537,(),1000,True
src3/2025-05-05-FacebookAI/roberta-base-5e-06-data,500,1,0.355302095413208,0.4288441947850726,(),1000,True
src3/2025-05-05-FacebookAI/roberta-base-5e-06-data,500,2,0.1601245403289795,0.5224034747247845,(),1000,True
src3/2025-05-05-FacebookAI/roberta-base-5e-06-data,500,3,0.0413630008697509,0.4363380033483126,(),1000,True
src3/2025-05-05-FacebookAI/roberta-base-5e-06-data,500,4,0.310694932937622,0.5160330948121646,(),1000,True
src3/2025-05-05-FacebookAI/roberta-base-5e-06-data,500,5,0.1578223705291748,0.5484175328337765,(),1000,True
src3/2025-05-05-FacebookAI/roberta-base-5e-06-data,1000,0,0.6571605205535889,0.3946876271876272,(),1000,True
src3/2025-05-05-FacebookAI/roberta-base-5e-06-data,1000,1,0.7325522899627686,0.5239144538582907,(),1000,True
src3/2025-05-05-FacebookAI/roberta-base-5e-06-data,1000,2,0.9617948532104492,0.5217286208237434,(),1000,True
src3/2025-05-05-FacebookAI/roberta-base-5e-06-data,1000,3,0.7530407905578613,0.5773755656108598,(),1000,True
src3/2025-05-05-FacebookAI/roberta-base-5e-06-data,1000,4,0.3297524452209472,0.5474565281951108,(),1000,True
src3/2025-05-05-FacebookAI/roberta-base-5e-06-data,1000,5,0.3409087657928467,0.4612595652279821,(),1000,True
src3/2025-05-05-FacebookAI/roberta-base-5e-06-data,1500,0,1.089106798171997,0.5021449058486095,(),1000,True
src3/2025-05-05-FacebookAI/roberta-base-5e-06-data,1500,1,1.0388877391815186,0.5017343354610575,(),1000,True
src3/2025-05-05-FacebookAI/roberta-base-5e-06-data,1500,2,0.5339736938476562,0.5875651723175359,(),1000,True
src3/2025-05-05-FacebookAI/roberta-base-5e-06-data,1500,3,1.54856538772583,0.6112674746389568,(),1000,True
src3/2025-05-05-FacebookAI/roberta-base-5e-06-data,1500,4,1.0343890190124512,0.601415447474856,(),1000,True
src3/2025-05-05-FacebookAI/roberta-base-5e-06-data,1500,5,1.245340347290039,0.5091245650229316,(),1000,True
src3/2025-05-05-FacebookAI/roberta-base-5e-06-data,500,0,0.556290864944458,0.4911486550708107,(),1000,True
src3/2025-05-05-FacebookAI/roberta-base-5e-06-data,500,1,0.3528070449829101,0.3879512658180219,(),1000,True
src3/2025-05-05-FacebookAI/roberta-base-5e-06-data,500,2,0.2548213005065918,0.4177794658352983,(),1000,True
src3/2025-05-05-FacebookAI/roberta-base-5e-06-data,500,3,0.4337072372436523,0.639912171329935,(),1000,True
src3/2025-05-05-FacebookAI/roberta-base-5e-06-data,500,4,0.2696866989135742,0.6155220139901993,(),1000,True
src3/2025-05-05-FacebookAI/roberta-base-5e-06-data,500,5,0.3777906894683838,0.5672538722481536,(),1000,True
src3/2025-05-05-FacebookAI/roberta-base-5e-06-data,1000,0,0.9520459175109864,0.5277496323572896,(),1000,True
src3/2025-05-05-FacebookAI/roberta-base-5e-06-data,1000,1,0.748784065246582,0.4795338280536567,(),1000,True
src3/2025-05-05-FacebookAI/roberta-base-5e-06-data,1000,2,0.4492342472076416,0.5219784182665904,(),1000,True
src3/2025-05-05-FacebookAI/roberta-base-5e-06-data,1000,3,0.8561513423919678,0.6201352215008914,(),1000,True
src3/2025-05-05-FacebookAI/roberta-base-5e-06-data,1000,4,0.8536050319671631,0.5180531886414239,(),1000,True
src3/2025-05-05-FacebookAI/roberta-base-5e-06-data,1000,5,0.8541874885559082,0.6070905251991089,(),1000,True
src3/2025-05-05-FacebookAI/roberta-base-5e-06-data,1500,0,1.3328816890716553,0.498157474157589,(),1000,True
src3/2025-05-05-FacebookAI/roberta-base-5e-06-data,1500,1,0.8560612201690674,0.5776498256426891,(),1000,True
src3/2025-05-05-FacebookAI/roberta-base-5e-06-data,1500,2,1.1457338333129885,0.5688660467542213,(),1000,True
src3/2025-05-05-FacebookAI/roberta-base-5e-06-data,1500,3,2.2599310874938965,0.53320262093218,(),1000,True
src3/2025-05-05-FacebookAI/roberta-base-5e-06-data,1500,4,1.9462156295776367,0.5384401780912899,(),1000,True
src3/2025-05-05-FacebookAI/roberta-base-5e-06-data,1500,5,0.9287102222442628,0.5680715197956577,(),1000,True
src3/2025-05-05-google-bert/bert-base-uncased-1e-05-data,500,0,0.2285056114196777,0.4441406961909969,(),1000,True
src3/2025-05-05-google-bert/bert-base-uncased-1e-05-data,500,1,0.3383958339691162,0.445402506402992,(),1000,True
src3/2025-05-05-google-bert/bert-base-uncased-1e-05-data,500,2,0.6366562843322754,0.4774525566098851,(),1000,True
src3/2025-05-05-google-bert/bert-base-uncased-1e-05-data,500,3,0.3493175506591797,0.465034965034965,(),1000,True
src3/2025-05-05-google-bert/bert-base-uncased-1e-05-data,500,4,0.4448626041412353,0.5058441230845635,(),1000,True
src3/2025-05-05-google-bert/bert-base-uncased-1e-05-data,500,5,0.5480542182922363,0.5703468203853234,(),1000,True
src3/2025-05-05-google-bert/bert-base-uncased-1e-05-data,1000,0,1.2434558868408203,0.5130040057876664,(),1000,True
src3/2025-05-05-google-bert/bert-base-uncased-1e-05-data,1000,1,1.031507968902588,0.5218961645927939,(),1000,True
src3/2025-05-05-google-bert/bert-base-uncased-1e-05-data,1000,2,0.9477956295013428,0.5011824632678211,(),1000,True
src3/2025-05-05-google-bert/bert-base-uncased-1e-05-data,1000,3,0.4604182243347168,0.5960933961161885,(),1000,True
src3/2025-05-05-google-bert/bert-base-uncased-1e-05-data,1000,4,0.95200514793396,0.591999560377663,(),1000,True
src3/2025-05-05-google-bert/bert-base-uncased-1e-05-data,1000,5,0.6300864219665527,0.534295447738844,(),1000,True
src3/2025-05-05-google-bert/bert-base-uncased-1e-05-data,1500,0,1.162064552307129,0.5127803247133853,(),1000,True
src3/2025-05-05-google-bert/bert-base-uncased-1e-05-data,1500,1,1.912562370300293,0.5013611063072064,(),1000,True
src3/2025-05-05-google-bert/bert-base-uncased-1e-05-data,1500,2,1.3588542938232422,0.5643491165293612,(),1000,True
src3/2025-05-05-google-bert/bert-base-uncased-1e-05-data,1500,3,2.375585556030273,0.5625709502659214,(),1000,True
src3/2025-05-05-google-bert/bert-base-uncased-1e-05-data,1500,4,1.1441500186920166,0.592509455033876,(),1000,True
src3/2025-05-05-google-bert/bert-base-uncased-1e-05-data,1500,5,2.238066434860229,0.6696621178236725,(),1000,True
src3/2025-05-05-google-bert/bert-base-uncased-1e-05-data,500,0,0.1203749179840087,0.3861967365130644,(),1000,True
src3/2025-05-05-google-bert/bert-base-uncased-1e-05-data,500,1,0.2550389766693115,0.4436360546976068,(),1000,True
src3/2025-05-05-google-bert/bert-base-uncased-1e-05-data,500,2,0.3450243473052978,0.4958935737957504,(),1000,True
src3/2025-05-05-google-bert/bert-base-uncased-1e-05-data,500,3,0.2555103302001953,0.5484254307783719,(),1000,True
src3/2025-05-05-google-bert/bert-base-uncased-1e-05-data,500,4,0.5434548854827881,0.5454626054626055,(),1000,True
src3/2025-05-05-google-bert/bert-base-uncased-1e-05-data,500,5,0.1316020488739013,0.568539108660592,(),1000,True
src3/2025-05-05-google-bert/bert-base-uncased-1e-05-data,1000,0,0.8519783020019531,0.5076843703842394,(),1000,True
src3/2025-05-05-google-bert/bert-base-uncased-1e-05-data,1000,1,0.5436415672302246,0.4593581835719362,(),1000,True
src3/2025-05-05-google-bert/bert-base-uncased-1e-05-data,1000,2,0.6543045043945312,0.5929613854674289,(),1000,True
src3/2025-05-05-google-bert/bert-base-uncased-1e-05-data,1000,3,0.5588085651397705,0.561095861542109,(),1000,True
src3/2025-05-05-google-bert/bert-base-uncased-1e-05-data,1000,4,0.5619628429412842,0.5746038206355667,(),1000,True
src3/2025-05-05-google-bert/bert-base-uncased-1e-05-data,1000,5,0.6166858673095703,0.5952106635723223,(),1000,True
src3/2025-05-05-google-bert/bert-base-uncased-1e-05-data,1500,0,2.266486167907715,0.5420510237782223,(),1000,True
src3/2025-05-05-google-bert/bert-base-uncased-1e-05-data,1500,1,1.9509069919586184,0.4924708951238264,(),1000,True
src3/2025-05-05-google-bert/bert-base-uncased-1e-05-data,1500,2,1.2354397773742676,0.5905424535405559,(),1000,True
src3/2025-05-05-google-bert/bert-base-uncased-1e-05-data,1500,3,1.5585906505584717,0.5670852545617652,(),1000,True
src3/2025-05-05-google-bert/bert-base-uncased-1e-05-data,1500,4,1.5396015644073486,0.5581131003125888,(),1000,True
src3/2025-05-05-google-bert/bert-base-uncased-1e-05-data,1500,5,2.438018798828125,0.5322257494861339,(),1000,True
src3/2025-05-05-google-bert/bert-base-uncased-1e-05-data,500,0,0.4153599739074707,0.4759288813915006,(),1000,True
src3/2025-05-05-google-bert/bert-base-uncased-1e-05-data,500,1,0.2745468616485595,0.4768510821904296,(),1000,True
src3/2025-05-05-google-bert/bert-base-uncased-1e-05-data,500,2,0.2584867477416992,0.5433168996444432,(),1000,True
src3/2025-05-05-google-bert/bert-base-uncased-1e-05-data,500,3,0.2480020523071289,0.4720737489292957,(),1000,True
src3/2025-05-05-google-bert/bert-base-uncased-1e-05-data,500,4,0.4308700561523437,0.590839830332582,(),1000,True
src3/2025-05-05-google-bert/bert-base-uncased-1e-05-data,500,5,0.248368501663208,0.5417343793051462,(),1000,True
src3/2025-05-05-google-bert/bert-base-uncased-1e-05-data,1000,0,2.150511741638184,0.5165003593545747,(),1000,True
src3/2025-05-05-google-bert/bert-base-uncased-1e-05-data,1000,1,1.145509958267212,0.520715100126865,(),1000,True
src3/2025-05-05-google-bert/bert-base-uncased-1e-05-data,1000,2,0.7412331104278564,0.4866017002744691,(),1000,True
src3/2025-05-05-google-bert/bert-base-uncased-1e-05-data,1000,3,0.758491039276123,0.5341625427123837,(),1000,True
src3/2025-05-05-google-bert/bert-base-uncased-1e-05-data,1000,4,1.7730767726898191,0.5377113470333809,(),1000,True
src3/2025-05-05-google-bert/bert-base-uncased-1e-05-data,1000,5,1.0208783149719238,0.6188684227899913,(),1000,True
src3/2025-05-05-google-bert/bert-base-uncased-1e-05-data,1500,0,1.5568068027496338,0.5695052939028843,(),1000,True
src3/2025-05-05-google-bert/bert-base-uncased-1e-05-data,1500,1,1.9327516555786133,0.5050640032289163,(),1000,True
src3/2025-05-05-google-bert/bert-base-uncased-1e-05-data,1500,2,1.6286768913269043,0.5518919949410408,(),1000,True
src3/2025-05-05-google-bert/bert-base-uncased-1e-05-data,1500,3,0.3713777065277099,0.5880132255521433,(),1000,True
src3/2025-05-05-google-bert/bert-base-uncased-1e-05-data,1500,4,1.25465989112854,0.5415310293571163,(),1000,True
src3/2025-05-05-google-bert/bert-base-uncased-1e-05-data,1500,5,1.6530101299285889,0.6003358650556906,(),1000,True
src3/2025-05-05-google-bert/bert-base-uncased-2e-05-data,500,0,0.6480062007904053,0.5241771358322361,(),1000,True
src3/2025-05-05-google-bert/bert-base-uncased-2e-05-data,500,1,0.4438667297363281,0.4883555686231271,(),1000,True
src3/2025-05-05-google-bert/bert-base-uncased-2e-05-data,500,2,0.2487897872924804,0.4723476148992899,(),1000,True
src3/2025-05-05-google-bert/bert-base-uncased-2e-05-data,500,3,0.2627096176147461,0.501186521120076,(),1000,True
src3/2025-05-05-google-bert/bert-base-uncased-2e-05-data,500,4,0.2361423969268798,0.5436177248677249,(),1000,True
src3/2025-05-05-google-bert/bert-base-uncased-2e-05-data,500,5,0.1406676769256591,0.528449890903293,(),1000,True
src3/2025-05-05-google-bert/bert-base-uncased-2e-05-data,1000,0,1.3518791198730469,0.5525869696272635,(),1000,True
src3/2025-05-05-google-bert/bert-base-uncased-2e-05-data,1000,1,0.6519782543182373,0.510925980376142,(),1000,True
src3/2025-05-05-google-bert/bert-base-uncased-2e-05-data,1000,2,1.1528651714324951,0.6193458941087024,(),1000,True
src3/2025-05-05-google-bert/bert-base-uncased-2e-05-data,1000,3,1.1489274501800537,0.558788930005747,(),1000,True
src3/2025-05-05-google-bert/bert-base-uncased-2e-05-data,1000,4,0.7206950187683105,0.5421920620947959,(),1000,True
src3/2025-05-05-google-bert/bert-base-uncased-2e-05-data,1000,5,0.5547702312469482,0.5681294529646178,(),1000,True
src3/2025-05-05-google-bert/bert-base-uncased-2e-05-data,1500,0,2.338794708251953,0.5317871324639514,(),1000,True
src3/2025-05-05-google-bert/bert-base-uncased-2e-05-data,1500,1,1.474827527999878,0.5512265512265513,(),1000,True
src3/2025-05-05-google-bert/bert-base-uncased-2e-05-data,1500,2,1.040088415145874,0.534155787720557,(),1000,True
src3/2025-05-05-google-bert/bert-base-uncased-2e-05-data,1500,3,2.1517767906188965,0.6270974173123913,(),1000,True
src3/2025-05-05-google-bert/bert-base-uncased-2e-05-data,1500,4,1.1682448387145996,0.5262706429373095,(),1000,True
src3/2025-05-05-google-bert/bert-base-uncased-2e-05-data,1500,5,0.7486908435821533,0.5923483522642784,(),1000,True
src3/2025-05-05-google-bert/bert-base-uncased-2e-05-data,500,0,0.1637921333312988,0.4870786207431981,(),1000,True
src3/2025-05-05-google-bert/bert-base-uncased-2e-05-data,500,1,0.4613823890686035,0.5058407965510492,(),1000,True
src3/2025-05-05-google-bert/bert-base-uncased-2e-05-data,500,2,0.2539362907409668,0.4819959820468933,(),1000,True
src3/2025-05-05-google-bert/bert-base-uncased-2e-05-data,500,3,0.1532278060913086,0.4298615976550024,(),1000,True
src3/2025-05-05-google-bert/bert-base-uncased-2e-05-data,500,4,0.3675360679626465,0.5113153289180193,(),1000,True
src3/2025-05-05-google-bert/bert-base-uncased-2e-05-data,500,5,0.5608241558074951,0.6472875280967134,(),1000,True
src3/2025-05-05-google-bert/bert-base-uncased-2e-05-data,1000,0,1.332484006881714,0.5666992212308447,(),1000,True
src3/2025-05-05-google-bert/bert-base-uncased-2e-05-data,1000,1,1.050539493560791,0.4553201184780132,(),1000,True
src3/2025-05-05-google-bert/bert-base-uncased-2e-05-data,1000,2,0.8487198352813721,0.5106625258799172,(),1000,True
src3/2025-05-05-google-bert/bert-base-uncased-2e-05-data,1000,3,1.6402177810668943,0.5300696475702208,(),1000,True
src3/2025-05-05-google-bert/bert-base-uncased-2e-05-data,1000,4,0.5365316867828369,0.5587557603686636,(),1000,True
src3/2025-05-05-google-bert/bert-base-uncased-2e-05-data,1000,5,1.7473251819610596,0.6180507014898372,(),1000,True
src3/2025-05-05-google-bert/bert-base-uncased-2e-05-data,1500,0,1.7296695709228516,0.529956462486583,(),1000,True
src3/2025-05-05-google-bert/bert-base-uncased-2e-05-data,1500,1,2.75634503364563,0.5155339497786832,(),1000,True
src3/2025-05-05-google-bert/bert-base-uncased-2e-05-data,1500,2,3.0277414321899414,0.6026215000573975,(),1000,True
src3/2025-05-05-google-bert/bert-base-uncased-2e-05-data,1500,3,0.8187339305877686,0.5040720269849127,(),1000,True
src3/2025-05-05-google-bert/bert-base-uncased-2e-05-data,1500,4,1.1531364917755127,0.5923751686909582,(),1000,True
src3/2025-05-05-google-bert/bert-base-uncased-2e-05-data,1500,5,1.7402105331420898,0.5347429236039999,(),1000,True
src3/2025-05-05-google-bert/bert-base-uncased-2e-05-data,500,0,0.3627064228057861,0.4697239209066112,(),1000,True
src3/2025-05-05-google-bert/bert-base-uncased-2e-05-data,500,1,0.6529545783996582,0.5023392788266078,(),1000,True
src3/2025-05-05-google-bert/bert-base-uncased-2e-05-data,500,2,0.2912197113037109,0.4379328165374677,(),1000,True
src3/2025-05-05-google-bert/bert-base-uncased-2e-05-data,500,3,0.773402214050293,0.5267582468392659,(),1000,True
src3/2025-05-05-google-bert/bert-base-uncased-2e-05-data,500,4,0.1114773750305175,0.4515434181607133,(),1000,True
src3/2025-05-05-google-bert/bert-base-uncased-2e-05-data,500,5,0.1442468166351318,0.5819067950215492,(),1000,True
src3/2025-05-05-google-bert/bert-base-uncased-2e-05-data,1000,0,1.3975579738616943,0.5066778648749534,(),1000,True
src3/2025-05-05-google-bert/bert-base-uncased-2e-05-data,1000,1,1.821711540222168,0.5429806055222444,(),1000,True
src3/2025-05-05-google-bert/bert-base-uncased-2e-05-data,1000,2,0.2991869449615478,0.4355240486388028,(),1000,True
src3/2025-05-05-google-bert/bert-base-uncased-2e-05-data,1000,3,1.888577938079834,0.6261508964068012,(),1000,True
src3/2025-05-05-google-bert/bert-base-uncased-2e-05-data,1000,4,1.7874350547790527,0.5581113560971734,(),1000,True
src3/2025-05-05-google-bert/bert-base-uncased-2e-05-data,1000,5,0.3916893005371094,0.5477006611155617,(),1000,True
src3/2025-05-05-google-bert/bert-base-uncased-2e-05-data,1500,0,2.599271774291992,0.5082670077038526,(),1000,True
src3/2025-05-05-google-bert/bert-base-uncased-2e-05-data,1500,1,1.477982759475708,0.5290516922488643,(),1000,True
src3/2025-05-05-google-bert/bert-base-uncased-2e-05-data,1500,2,2.297222137451172,0.5982589032289423,(),1000,True
src3/2025-05-05-google-bert/bert-base-uncased-2e-05-data,1500,3,2.226083755493164,0.5612116879384904,(),1000,True
src3/2025-05-05-google-bert/bert-base-uncased-2e-05-data,1500,4,1.3373291492462158,0.5308896393464311,(),1000,True
src3/2025-05-05-google-bert/bert-base-uncased-2e-05-data,1500,5,0.8495478630065918,0.579389364885081,(),1000,True
src3/2025-05-05-google-bert/bert-base-uncased-5e-05-data,500,0,0.3231179714202881,0.4717638369570235,(),1000,True
src3/2025-05-05-google-bert/bert-base-uncased-5e-05-data,500,1,0.2530796527862549,0.4169934502655442,(),1000,True
src3/2025-05-05-google-bert/bert-base-uncased-5e-05-data,500,2,0.4604785442352295,0.561524049345987,(),1000,True
src3/2025-05-05-google-bert/bert-base-uncased-5e-05-data,500,3,0.1543500423431396,0.4916972739638148,(),1000,True
src3/2025-05-05-google-bert/bert-base-uncased-5e-05-data,500,4,0.3562061786651611,0.5646654130111534,(),1000,True
src3/2025-05-05-google-bert/bert-base-uncased-5e-05-data,500,5,0.7627911567687988,0.5550790254765922,(),1000,True
src3/2025-05-05-google-bert/bert-base-uncased-5e-05-data,1000,0,0.4215192794799804,0.4961138478379857,(),1000,True
src3/2025-05-05-google-bert/bert-base-uncased-5e-05-data,1000,1,0.7678358554840088,0.5154076781019786,(),1000,True
src3/2025-05-05-google-bert/bert-base-uncased-5e-05-data,1000,2,1.3451664447784424,0.533362846992365,(),1000,True
src3/2025-05-05-google-bert/bert-base-uncased-5e-05-data,1000,3,0.8637642860412598,0.6091604703172885,(),1000,True
src3/2025-05-05-google-bert/bert-base-uncased-5e-05-data,1000,4,0.3456668853759765,0.5980292128591741,(),1000,True
src3/2025-05-05-google-bert/bert-base-uncased-5e-05-data,1000,5,0.4433965682983398,0.5245818062857169,(),1000,True
src3/2025-05-05-google-bert/bert-base-uncased-5e-05-data,1500,0,0.6629483699798584,0.4968794403217835,(),1000,True
src3/2025-05-05-google-bert/bert-base-uncased-5e-05-data,1500,1,2.050444841384888,0.5241731107247033,(),1000,True
src3/2025-05-05-google-bert/bert-base-uncased-5e-05-data,1500,2,1.645115613937378,0.5705589085974685,(),1000,True
src3/2025-05-05-google-bert/bert-base-uncased-5e-05-data,1500,3,3.7583837509155273,0.5295164574123801,(),1000,True
src3/2025-05-05-google-bert/bert-base-uncased-5e-05-data,1500,4,4.652082443237305,0.5543034343634045,(),1000,True
src3/2025-05-05-google-bert/bert-base-uncased-5e-05-data,1500,5,1.6193652153015137,0.5632203632203632,(),1000,True
src3/2025-05-05-google-bert/bert-base-uncased-5e-05-data,500,0,0.5547018051147461,0.5013297416011805,(),1000,True
src3/2025-05-05-google-bert/bert-base-uncased-5e-05-data,500,1,0.3279922008514404,0.3994452361132019,(),1000,True
src3/2025-05-05-google-bert/bert-base-uncased-5e-05-data,500,2,0.1558985710144043,0.4950064166252692,(),1000,True
src3/2025-05-05-google-bert/bert-base-uncased-5e-05-data,500,3,0.6458630561828613,0.5595669720725951,(),1000,True
src3/2025-05-05-google-bert/bert-base-uncased-5e-05-data,500,4,0.2633407115936279,0.5623331452888843,(),1000,True
src3/2025-05-05-google-bert/bert-base-uncased-5e-05-data,500,5,0.4456448554992676,0.5557748126527445,(),1000,True
src3/2025-05-05-google-bert/bert-base-uncased-5e-05-data,1000,0,0.8643021583557129,0.6042746844583651,(),1000,True
src3/2025-05-05-google-bert/bert-base-uncased-5e-05-data,1000,1,0.3316242694854736,0.4309378102183621,(),1000,True
src3/2025-05-05-google-bert/bert-base-uncased-5e-05-data,1000,2,0.5704085826873779,0.5185770554746458,(),1000,True
src3/2025-05-05-google-bert/bert-base-uncased-5e-05-data,1000,3,0.3726181983947754,0.5721922234809749,(),1000,True
src3/2025-05-05-google-bert/bert-base-uncased-5e-05-data,1000,4,1.2536969184875488,0.5285657400307082,(),1000,True
src3/2025-05-05-google-bert/bert-base-uncased-5e-05-data,1000,5,2.3588972091674805,0.5424950364202771,(),1000,True
src3/2025-05-05-google-bert/bert-base-uncased-5e-05-data,1500,0,2.2540173530578613,0.5348423599018635,(),1000,True
src3/2025-05-05-google-bert/bert-base-uncased-5e-05-data,1500,1,1.2254106998443604,0.5505629341107362,(),1000,True
src3/2025-05-05-google-bert/bert-base-uncased-5e-05-data,1500,2,1.3259806632995603,0.5672288812883884,(),1000,True
src3/2025-05-05-google-bert/bert-base-uncased-5e-05-data,1500,3,0.6468873023986816,0.5735651795113806,(),1000,True
src3/2025-05-05-google-bert/bert-base-uncased-5e-05-data,1500,4,1.943819284439087,0.5285701668054609,(),1000,True
src3/2025-05-05-google-bert/bert-base-uncased-5e-05-data,1500,5,1.0493614673614502,0.6349846015433059,(),1000,True
src3/2025-05-05-google-bert/bert-base-uncased-5e-05-data,500,0,0.1440169811248779,0.4848317793404693,(),1000,True
src3/2025-05-05-google-bert/bert-base-uncased-5e-05-data,500,1,0.2118306159973144,0.4129972375658846,(),1000,True
src3/2025-05-05-google-bert/bert-base-uncased-5e-05-data,500,2,0.4569780826568603,0.5316653528896783,(),1000,True
src3/2025-05-05-google-bert/bert-base-uncased-5e-05-data,500,3,0.2588756084442138,0.571863891353873,(),1000,True
src3/2025-05-05-google-bert/bert-base-uncased-5e-05-data,500,4,0.6186292171478271,0.5263450334229319,(),1000,True
src3/2025-05-05-google-bert/bert-base-uncased-5e-05-data,500,5,0.2548887729644775,0.5428777629101001,(),1000,True
src3/2025-05-05-google-bert/bert-base-uncased-5e-05-data,1000,0,1.346592664718628,0.4723499242950044,(),1000,True
src3/2025-05-05-google-bert/bert-base-uncased-5e-05-data,1000,1,0.3546514511108398,0.3486874407119806,(),1000,True
src3/2025-05-05-google-bert/bert-base-uncased-5e-05-data,1000,2,1.53171968460083,0.6108547566648125,(),1000,True
src3/2025-05-05-google-bert/bert-base-uncased-5e-05-data,1000,3,0.8523569107055664,0.5336083015530869,(),1000,True
src3/2025-05-05-google-bert/bert-base-uncased-5e-05-data,1000,4,0.8311190605163574,0.5671794871794872,(),1000,True
src3/2025-05-05-google-bert/bert-base-uncased-5e-05-data,1000,5,1.7755742073059082,0.5760535443029723,(),1000,True
src3/2025-05-05-google-bert/bert-base-uncased-5e-05-data,1500,0,3.980832099914551,0.5103659945826515,(),1000,True
src3/2025-05-05-google-bert/bert-base-uncased-5e-05-data,1500,1,1.831348896026612,0.534797251104047,(),1000,True
src3/2025-05-05-google-bert/bert-base-uncased-5e-05-data,1500,2,2.2864320278167725,0.5281104372690879,(),1000,True
src3/2025-05-05-google-bert/bert-base-uncased-5e-05-data,1500,3,1.192492961883545,0.6111552384214095,(),1000,True
src3/2025-05-05-google-bert/bert-base-uncased-5e-05-data,1500,4,0.7176878452301025,0.5960214821445106,(),1000,True
src3/2025-05-05-google-bert/bert-base-uncased-5e-05-data,1500,5,2.868973731994629,0.6001457991616549,(),1000,True
src3/2025-05-05-google-bert/bert-base-uncased-5e-06-data,500,0,0.7951626777648926,0.427126142620386,(),1000,True
src3/2025-05-05-google-bert/bert-base-uncased-5e-06-data,500,1,0.2835569381713867,0.5044449648711944,(),1000,True
src3/2025-05-05-google-bert/bert-base-uncased-5e-06-data,500,2,0.420283555984497,0.431600168945466,(),1000,True
src3/2025-05-05-google-bert/bert-base-uncased-5e-06-data,500,3,0.6408390998840332,0.4812852538275584,(),1000,True
src3/2025-05-05-google-bert/bert-base-uncased-5e-06-data,500,4,0.3520896434783935,0.5257820515347696,(),1000,True
src3/2025-05-05-google-bert/bert-base-uncased-5e-06-data,500,5,0.5449659824371338,0.4436957379805307,(),1000,True
src3/2025-05-05-google-bert/bert-base-uncased-5e-06-data,1000,0,0.4235858917236328,0.4219232875271642,(),1000,True
src3/2025-05-05-google-bert/bert-base-uncased-5e-06-data,1000,1,0.3524899482727051,0.4880024659769348,(),1000,True
src3/2025-05-05-google-bert/bert-base-uncased-5e-06-data,1000,2,0.4532070159912109,0.3498299763158037,(),1000,True
src3/2025-05-05-google-bert/bert-base-uncased-5e-06-data,1000,3,0.2240090370178222,0.4453333792671828,(),1000,True
src3/2025-05-05-google-bert/bert-base-uncased-5e-06-data,1000,4,0.3635296821594238,0.4877054455126967,(),1000,True
src3/2025-05-05-google-bert/bert-base-uncased-5e-06-data,1000,5,0.6457564830780029,0.4403972920479697,(),1000,True
src3/2025-05-05-google-bert/bert-base-uncased-5e-06-data,1500,0,4.019198179244995,0.4498165084037048,(),1000,True
src3/2025-05-05-google-bert/bert-base-uncased-5e-06-data,1500,1,0.9213788509368896,0.4825233600461902,(),1000,True
src3/2025-05-05-google-bert/bert-base-uncased-5e-06-data,1500,2,0.7700443267822266,0.4215451103931945,(),1000,True
src3/2025-05-05-google-bert/bert-base-uncased-5e-06-data,1500,3,0.8551304340362549,0.4660229384831587,(),1000,True
src3/2025-05-05-google-bert/bert-base-uncased-5e-06-data,1500,4,1.0460476875305176,0.4697255036238086,(),1000,True
src3/2025-05-05-google-bert/bert-base-uncased-5e-06-data,1500,5,1.048469305038452,0.5416217622054796,(),1000,True
src3/2025-05-05-google-bert/bert-base-uncased-5e-06-data,500,0,0.4398643970489502,0.4294543415697542,(),1000,True
src3/2025-05-05-google-bert/bert-base-uncased-5e-06-data,500,1,0.2690651416778564,0.41732249615584,(),1000,True
src3/2025-05-05-google-bert/bert-base-uncased-5e-06-data,500,2,0.4659681320190429,0.4620301335818577,(),1000,True
src3/2025-05-05-google-bert/bert-base-uncased-5e-06-data,500,3,0.74430251121521,0.4402722259234584,(),1000,True
src3/2025-05-05-google-bert/bert-base-uncased-5e-06-data,500,4,0.3488402366638183,0.4214901445887911,(),1000,True
src3/2025-05-05-google-bert/bert-base-uncased-5e-06-data,500,5,0.1605505943298339,0.4147902922794295,(),1000,True
src3/2025-05-05-google-bert/bert-base-uncased-5e-06-data,1000,0,1.2347042560577393,0.5180747822128416,(),1000,True
src3/2025-05-05-google-bert/bert-base-uncased-5e-06-data,1000,1,1.0637538433074951,0.4824409835840584,(),1000,True
src3/2025-05-05-google-bert/bert-base-uncased-5e-06-data,1000,2,0.2642951011657715,0.4708863848990791,(),1000,True
src3/2025-05-05-google-bert/bert-base-uncased-5e-06-data,1000,3,0.4446055889129638,0.5045561434450323,(),1000,True
src3/2025-05-05-google-bert/bert-base-uncased-5e-06-data,1000,4,0.666417121887207,0.545320802877364,(),1000,True
src3/2025-05-05-google-bert/bert-base-uncased-5e-06-data,1000,5,0.6564929485321045,0.4339136041263701,(),1000,True
src3/2025-05-05-google-bert/bert-base-uncased-5e-06-data,1500,0,0.9665861129760742,0.562639665228077,(),1000,True
src3/2025-05-05-google-bert/bert-base-uncased-5e-06-data,1500,1,1.045450210571289,0.574969474969475,(),1000,True
src3/2025-05-05-google-bert/bert-base-uncased-5e-06-data,1500,2,0.965712308883667,0.4594243388694912,(),1000,True
src3/2025-05-05-google-bert/bert-base-uncased-5e-06-data,1500,3,1.2538585662841797,0.5690394609400223,(),1000,True
src3/2025-05-05-google-bert/bert-base-uncased-5e-06-data,1500,4,2.021052837371826,0.4354086407513539,(),1000,True
src3/2025-05-05-google-bert/bert-base-uncased-5e-06-data,1500,5,1.8401548862457275,0.4357050207818521,(),1000,True
src3/2025-05-05-google-bert/bert-base-uncased-5e-06-data,500,0,0.216782808303833,0.409877093864605,(),1000,True
src3/2025-05-05-google-bert/bert-base-uncased-5e-06-data,500,1,0.1587028503417968,0.3843685775503958,(),1000,True
src3/2025-05-05-google-bert/bert-base-uncased-5e-06-data,500,2,0.4577095508575439,0.4493218025008643,(),1000,True
src3/2025-05-05-google-bert/bert-base-uncased-5e-06-data,500,3,0.2028939723968505,0.4670806100217864,(),1000,True
src3/2025-05-05-google-bert/bert-base-uncased-5e-06-data,500,4,0.3522441387176513,0.4625965250965251,(),1000,True
src3/2025-05-05-google-bert/bert-base-uncased-5e-06-data,500,5,0.219487190246582,0.4231497842018365,(),1000,True
src3/2025-05-05-google-bert/bert-base-uncased-5e-06-data,1000,0,0.6597855091094971,0.4334593275061029,(),1000,True
src3/2025-05-05-google-bert/bert-base-uncased-5e-06-data,1000,1,0.4385786056518554,0.4665113890620988,(),1000,True
src3/2025-05-05-google-bert/bert-base-uncased-5e-06-data,1000,2,0.3440823554992676,0.4722752828015986,(),1000,True
src3/2025-05-05-google-bert/bert-base-uncased-5e-06-data,1000,3,0.4413752555847168,0.5266708515212223,(),1000,True
src3/2025-05-05-google-bert/bert-base-uncased-5e-06-data,1000,4,0.3688900470733642,0.4865469946802018,(),1000,True
src3/2025-05-05-google-bert/bert-base-uncased-5e-06-data,1000,5,1.0376462936401367,0.5025887170154686,(),1000,True
src3/2025-05-05-google-bert/bert-base-uncased-5e-06-data,1500,0,1.2350976467132568,0.5896784170233156,(),1000,True
src3/2025-05-05-google-bert/bert-base-uncased-5e-06-data,1500,1,0.6454627513885498,0.4893637163067215,(),1000,True
src3/2025-05-05-google-bert/bert-base-uncased-5e-06-data,1500,2,1.1543328762054443,0.5038895443998942,(),1000,True
src3/2025-05-05-google-bert/bert-base-uncased-5e-06-data,1500,3,0.4445281028747558,0.4283032476435774,(),1000,True
src3/2025-05-05-google-bert/bert-base-uncased-5e-06-data,1500,4,0.8397369384765625,0.4453996254733345,(),1000,True
src3/2025-05-05-google-bert/bert-base-uncased-5e-06-data,1500,5,1.247605323791504,0.378636948019247,(),1000,True
src3/2025-05-05-answerdotai/ModernBERT-base-1e-05-data,2000,0,4.401702642440796,0.439239465440048,(),1000,True
src3/2025-05-05-answerdotai/ModernBERT-base-1e-05-data,2000,1,3.029230833053589,0.4465883227374619,(),1000,True
src3/2025-05-05-answerdotai/ModernBERT-base-1e-05-data,2000,2,2.142503023147583,0.4808607109469809,(),1000,True
src3/2025-05-05-answerdotai/ModernBERT-base-1e-05-data,2000,3,5.9281299114227295,0.5823148148148148,(),1000,True
src3/2025-05-05-answerdotai/ModernBERT-base-1e-05-data,2000,4,3.1183416843414307,0.4913686530773509,(),1000,True
src3/2025-05-05-answerdotai/ModernBERT-base-1e-05-data,2000,5,2.607404947280884,0.563494620191998,(),1000,True
src3/2025-05-05-answerdotai/ModernBERT-base-1e-05-data,2000,0,2.532023906707764,0.4305607013068521,(),1000,True
src3/2025-05-05-answerdotai/ModernBERT-base-1e-05-data,2000,1,3.2312991619110107,0.5214781229106203,(),1000,True
src3/2025-05-05-answerdotai/ModernBERT-base-1e-05-data,2000,2,2.9385597705841064,0.4415352257774578,(),1000,True
src3/2025-05-05-answerdotai/ModernBERT-base-1e-05-data,2000,3,2.42432165145874,0.515297418630752,(),1000,True
src3/2025-05-05-answerdotai/ModernBERT-base-1e-05-data,2000,4,2.158290386199951,0.5402009536087748,(),1000,True
src3/2025-05-05-answerdotai/ModernBERT-base-1e-05-data,2000,5,1.941490650177002,0.5146968191378136,(),1000,True
src3/2025-05-05-answerdotai/ModernBERT-base-1e-05-data,2000,0,4.215281486511231,0.4451707033393954,(),1000,True
src3/2025-05-05-answerdotai/ModernBERT-base-1e-05-data,2000,1,6.434141397476196,0.4461498708010336,(),1000,True
src3/2025-05-05-answerdotai/ModernBERT-base-1e-05-data,2000,2,3.2992427349090576,0.483415705279017,(),1000,True
src3/2025-05-05-answerdotai/ModernBERT-base-1e-05-data,2000,3,1.7452099323272705,0.4828582328721946,(),1000,True
src3/2025-05-05-answerdotai/ModernBERT-base-1e-05-data,2000,4,1.65267014503479,0.4991974123968385,(),1000,True
src3/2025-05-05-answerdotai/ModernBERT-base-1e-05-data,2000,5,3.040123224258423,0.5526844575607487,(),1000,True
src3/2025-05-05-answerdotai/ModernBERT-base-2e-05-data,2000,0,2.4137184619903564,0.4298549151997428,(),1000,True
src3/2025-05-05-answerdotai/ModernBERT-base-2e-05-data,2000,1,6.615675210952759,0.4398282160278237,(),1000,True
src3/2025-05-05-answerdotai/ModernBERT-base-2e-05-data,2000,2,2.4523308277130127,0.5606987059375482,(),1000,True
src3/2025-05-05-answerdotai/ModernBERT-base-2e-05-data,2000,3,1.4291203022003174,0.4689273880983726,(),1000,True
src3/2025-05-05-answerdotai/ModernBERT-base-2e-05-data,2000,4,3.265519142150879,0.546780604529722,(),1000,True
src3/2025-05-05-answerdotai/ModernBERT-base-2e-05-data,2000,5,2.429239511489868,0.524781114578315,(),1000,True
src3/2025-05-05-answerdotai/ModernBERT-base-2e-05-data,2000,0,2.148520946502685,0.4298622352767869,(),1000,True
src3/2025-05-05-answerdotai/ModernBERT-base-2e-05-data,2000,1,2.544733762741089,0.4614737970427147,(),1000,True
src3/2025-05-05-answerdotai/ModernBERT-base-2e-05-data,2000,2,2.054105758666992,0.4798431909819993,(),1000,True
src3/2025-05-05-answerdotai/ModernBERT-base-2e-05-data,2000,3,2.85276746749878,0.5482380254423762,(),1000,True
src3/2025-05-05-answerdotai/ModernBERT-base-2e-05-data,2000,4,2.127807378768921,0.5372176539261967,(),1000,True
src3/2025-05-05-answerdotai/ModernBERT-base-2e-05-data,2000,5,2.2233998775482178,0.4920496170496171,(),1000,True
src3/2025-05-05-answerdotai/ModernBERT-base-2e-05-data,2000,0,1.534883737564087,0.3657370489663294,(),1000,True
src3/2025-05-05-answerdotai/ModernBERT-base-2e-05-data,2000,1,1.9542396068573,0.4436619753163407,(),1000,True
src3/2025-05-05-answerdotai/ModernBERT-base-2e-05-data,2000,2,2.941551446914673,0.4952311524208735,(),1000,True
src3/2025-05-05-answerdotai/ModernBERT-base-2e-05-data,2000,3,2.886108875274658,0.5179847631460535,(),1000,True
src3/2025-05-05-answerdotai/ModernBERT-base-2e-05-data,2000,4,1.244699239730835,0.5049482810393626,(),1000,True
src3/2025-05-05-answerdotai/ModernBERT-base-2e-05-data,2000,5,1.326636552810669,0.5140223632204116,(),1000,True
src3/2025-05-05-answerdotai/ModernBERT-base-5e-05-data,2000,0,1.9531168937683103,0.4622350506163813,(),1000,True
src3/2025-05-05-answerdotai/ModernBERT-base-5e-05-data,2000,1,1.1134929656982422,0.4760134589123448,(),1000,True
src3/2025-05-05-answerdotai/ModernBERT-base-5e-05-data,2000,2,3.240564584732056,0.4864896403139062,(),1000,True
src3/2025-05-05-answerdotai/ModernBERT-base-5e-05-data,2000,3,4.240070819854736,0.4896809781867253,(),1000,True
src3/2025-05-05-answerdotai/ModernBERT-base-5e-05-data,2000,4,1.3214552402496338,0.5331254331254331,(),1000,True
src3/2025-05-05-answerdotai/ModernBERT-base-5e-05-data,2000,5,2.029179096221924,0.4402882483370288,(),1000,True
src3/2025-05-05-answerdotai/ModernBERT-base-5e-05-data,2000,0,1.1465585231781006,0.45896664794117,(),1000,True
src3/2025-05-05-answerdotai/ModernBERT-base-5e-05-data,2000,1,2.3309519290924072,0.5312931385901035,(),1000,True
src3/2025-05-05-answerdotai/ModernBERT-base-5e-05-data,2000,2,4.745398044586182,0.4785698631852478,(),1000,True
src3/2025-05-05-answerdotai/ModernBERT-base-5e-05-data,2000,3,2.6205527782440186,0.5055852464342935,(),1000,True
src3/2025-05-05-answerdotai/ModernBERT-base-5e-05-data,2000,4,1.523134469985962,0.4718623225398928,(),1000,True
src3/2025-05-05-answerdotai/ModernBERT-base-5e-05-data,2000,5,3.641465425491333,0.4520547660600016,(),1000,True
src3/2025-05-05-answerdotai/ModernBERT-base-5e-05-data,2000,0,2.095177412033081,0.4683908575600042,(),1000,True
src3/2025-05-05-answerdotai/ModernBERT-base-5e-05-data,2000,1,2.2623486518859863,0.4053081421502473,(),1000,True
src3/2025-05-05-answerdotai/ModernBERT-base-5e-05-data,2000,2,2.301581621170044,0.4825421191274849,(),1000,True
src3/2025-05-05-answerdotai/ModernBERT-base-5e-05-data,2000,3,5.541799783706665,0.4739145050394495,(),1000,True
src3/2025-05-05-answerdotai/ModernBERT-base-5e-05-data,2000,4,2.653931140899658,0.4759053787955523,(),1000,True
src3/2025-05-05-answerdotai/ModernBERT-base-5e-05-data,2000,5,2.4699673652648926,0.4573706036429663,(),1000,True
src3/2025-05-05-answerdotai/ModernBERT-base-5e-06-data,2000,0,3.7991440296173096,0.4543646495625153,(),1000,True
src3/2025-05-05-answerdotai/ModernBERT-base-5e-06-data,2000,1,1.2043719291687012,0.4804392824178388,(),1000,True
src3/2025-05-05-answerdotai/ModernBERT-base-5e-06-data,2000,2,1.6458442211151123,0.5270272884853333,(),1000,True
src3/2025-05-05-answerdotai/ModernBERT-base-5e-06-data,2000,3,5.346468687057495,0.5682881455161061,(),1000,True
src3/2025-05-05-answerdotai/ModernBERT-base-5e-06-data,2000,4,3.604084730148315,0.5316358024691358,(),1000,True
src3/2025-05-05-answerdotai/ModernBERT-base-5e-06-data,2000,5,2.3194704055786133,0.4897675482715045,(),1000,True
src3/2025-05-05-answerdotai/ModernBERT-base-5e-06-data,2000,0,2.584712266921997,0.4323991941298373,(),1000,True
src3/2025-05-05-answerdotai/ModernBERT-base-5e-06-data,2000,1,3.033596992492676,0.4800517654226456,(),1000,True
src3/2025-05-05-answerdotai/ModernBERT-base-5e-06-data,2000,2,4.872012615203857,0.4823361823361823,(),1000,True
src3/2025-05-05-answerdotai/ModernBERT-base-5e-06-data,2000,3,4.209244012832642,0.5031552593792571,(),1000,True
src3/2025-05-05-answerdotai/ModernBERT-base-5e-06-data,2000,4,1.3370506763458252,0.5058806606510506,(),1000,True
src3/2025-05-05-answerdotai/ModernBERT-base-5e-06-data,2000,5,2.778886318206787,0.48856508431297,(),1000,True
src3/2025-05-05-answerdotai/ModernBERT-base-5e-06-data,2000,0,4.521737813949585,0.4659914253571193,(),1000,True
src3/2025-05-05-answerdotai/ModernBERT-base-5e-06-data,2000,1,2.2541871070861816,0.5134503651699797,(),1000,True
src3/2025-05-05-answerdotai/ModernBERT-base-5e-06-data,2000,2,1.3466379642486572,0.4568743399437423,(),1000,True
src3/2025-05-05-answerdotai/ModernBERT-base-5e-06-data,2000,3,2.240012884140014,0.4860536701507052,(),1000,True
src3/2025-05-05-answerdotai/ModernBERT-base-5e-06-data,2000,4,1.1612446308135986,0.5216282903109072,(),1000,True
src3/2025-05-05-answerdotai/ModernBERT-base-5e-06-data,2000,5,2.4515554904937744,0.55039744281071,(),1000,True
src3/2025-05-05-FacebookAI/roberta-base-1e-05-data,2000,0,1.5161328315734863,0.5251197209367974,(),1000,True
src3/2025-05-05-FacebookAI/roberta-base-1e-05-data,2000,1,3.550600051879883,0.5539292576447229,(),1000,True
src3/2025-05-05-FacebookAI/roberta-base-1e-05-data,2000,2,2.030519962310791,0.5961873877388469,(),1000,True
src3/2025-05-05-FacebookAI/roberta-base-1e-05-data,2000,3,4.825894117355347,0.565301866371004,(),1000,True
src3/2025-05-05-FacebookAI/roberta-base-1e-05-data,2000,4,2.1250650882720947,0.5920970398039924,(),1000,True
src3/2025-05-05-FacebookAI/roberta-base-1e-05-data,2000,5,0.6257059574127197,0.5637619742598869,(),1000,True
src3/2025-05-05-FacebookAI/roberta-base-1e-05-data,2000,0,1.1537141799926758,0.5394243819670067,(),1000,True
src3/2025-05-05-FacebookAI/roberta-base-1e-05-data,2000,1,2.3286054134368896,0.6500551670824696,(),1000,True
src3/2025-05-05-FacebookAI/roberta-base-1e-05-data,2000,2,1.1319231986999512,0.551373642658146,(),1000,True
src3/2025-05-05-FacebookAI/roberta-base-1e-05-data,2000,3,1.0227105617523191,0.508085467589811,(),1000,True
src3/2025-05-05-FacebookAI/roberta-base-1e-05-data,2000,4,2.8528847694396973,0.6378095662246891,(),1000,True
src3/2025-05-05-FacebookAI/roberta-base-1e-05-data,2000,5,1.8030269145965576,0.5817622964702467,(),1000,True
src3/2025-05-05-FacebookAI/roberta-base-1e-05-data,2000,0,1.9427366256713867,0.5730428556845113,(),1000,True
src3/2025-05-05-FacebookAI/roberta-base-1e-05-data,2000,1,2.160641670227051,0.6031010970300289,(),1000,True
src3/2025-05-05-FacebookAI/roberta-base-1e-05-data,2000,2,2.644052505493164,0.5316195730009029,(),1000,True
src3/2025-05-05-FacebookAI/roberta-base-1e-05-data,2000,3,1.449157476425171,0.5519671467816142,(),1000,True
src3/2025-05-05-FacebookAI/roberta-base-1e-05-data,2000,4,0.7575926780700684,0.5480374326528173,(),1000,True
src3/2025-05-05-FacebookAI/roberta-base-1e-05-data,2000,5,2.061762571334839,0.6117474987359898,(),1000,True
src3/2025-05-05-FacebookAI/roberta-base-2e-05-data,2000,0,0.7600975036621094,0.5313208108568986,(),1000,True
src3/2025-05-05-FacebookAI/roberta-base-2e-05-data,2000,1,1.8451039791107176,0.6352755092639485,(),1000,True
src3/2025-05-05-FacebookAI/roberta-base-2e-05-data,2000,2,2.5610690116882324,0.6288219578260347,(),1000,True
src3/2025-05-05-FacebookAI/roberta-base-2e-05-data,2000,3,1.2406888008117676,0.4915885979662103,(),1000,True
src3/2025-05-05-FacebookAI/roberta-base-2e-05-data,2000,4,1.051863431930542,0.5433054377659614,(),1000,True
src3/2025-05-05-FacebookAI/roberta-base-2e-05-data,2000,5,3.048316478729248,0.5499916914849491,(),1000,True
src3/2025-05-05-FacebookAI/roberta-base-2e-05-data,2000,0,1.6479718685150146,0.5679936621113092,(),1000,True
src3/2025-05-05-FacebookAI/roberta-base-2e-05-data,2000,1,2.147648811340332,0.6348125433247566,(),1000,True
src3/2025-05-05-FacebookAI/roberta-base-2e-05-data,2000,2,1.7419929504394531,0.5849508357148593,(),1000,True
src3/2025-05-05-FacebookAI/roberta-base-2e-05-data,2000,3,2.638568878173828,0.5537495700034399,(),1000,True
src3/2025-05-05-FacebookAI/roberta-base-2e-05-data,2000,4,0.8220586776733398,0.5433953643725046,(),1000,True
src3/2025-05-05-FacebookAI/roberta-base-2e-05-data,2000,5,0.6578047275543213,0.5378888410168031,(),1000,True
src3/2025-05-05-FacebookAI/roberta-base-2e-05-data,2000,0,3.125282049179077,0.5892594825107359,(),1000,True
src3/2025-05-05-FacebookAI/roberta-base-2e-05-data,2000,1,1.432649850845337,0.5343915343915344,(),1000,True
src3/2025-05-05-FacebookAI/roberta-base-2e-05-data,2000,2,3.036912202835083,0.5025573861771484,(),1000,True
src3/2025-05-05-FacebookAI/roberta-base-2e-05-data,2000,3,2.0175373554229736,0.5747205819722135,(),1000,True
src3/2025-05-05-FacebookAI/roberta-base-2e-05-data,2000,4,3.044126272201538,0.5411718831236353,(),1000,True
src3/2025-05-05-FacebookAI/roberta-base-2e-05-data,2000,5,3.2425575256347656,0.5891477746541839,(),1000,True
src3/2025-05-05-FacebookAI/roberta-base-5e-05-data,2000,0,4.654550313949585,0.5570474724868125,(),1000,True
src3/2025-05-05-FacebookAI/roberta-base-5e-05-data,2000,1,4.316053152084351,0.5746936434438248,(),1000,True
src3/2025-05-05-FacebookAI/roberta-base-5e-05-data,2000,2,1.551811695098877,0.5691569959554839,(),1000,True
src3/2025-05-05-FacebookAI/roberta-base-5e-05-data,2000,3,2.268066644668579,0.5514711314368982,(),1000,True
src3/2025-05-05-FacebookAI/roberta-base-5e-05-data,2000,4,1.6256208419799805,0.5726967848731471,(),1000,True
src3/2025-05-05-FacebookAI/roberta-base-5e-05-data,2000,5,0.9758996963500975,0.5581896551724138,(),1000,True
src3/2025-05-05-FacebookAI/roberta-base-5e-05-data,2000,0,1.3225593566894531,0.4906052892050406,(),1000,True
src3/2025-05-05-FacebookAI/roberta-base-5e-05-data,2000,1,1.6581799983978271,0.6172887297887297,(),1000,True
src3/2025-05-05-FacebookAI/roberta-base-5e-05-data,2000,2,1.5053293704986572,0.5496738902641537,(),1000,True
src3/2025-05-05-FacebookAI/roberta-base-5e-05-data,2000,3,2.9564669132232666,0.6292092092092093,(),1000,True
src3/2025-05-05-FacebookAI/roberta-base-5e-05-data,2000,4,2.0489323139190674,0.5806360196457058,(),1000,True
src3/2025-05-05-FacebookAI/roberta-base-5e-05-data,2000,5,2.7653486728668213,0.5886344500117328,(),1000,True
src3/2025-05-05-FacebookAI/roberta-base-5e-05-data,2000,0,1.733769178390503,0.5790940650422471,(),1000,True
src3/2025-05-05-FacebookAI/roberta-base-5e-05-data,2000,1,3.064291000366211,0.5298148506249988,(),1000,True
src3/2025-05-05-FacebookAI/roberta-base-5e-05-data,2000,2,1.8468308448791504,0.6122094238847389,(),1000,True
src3/2025-05-05-FacebookAI/roberta-base-5e-05-data,2000,3,2.3255231380462646,0.5592093591584167,(),1000,True
src3/2025-05-05-FacebookAI/roberta-base-5e-05-data,2000,4,1.434342384338379,0.5378133454882277,(),1000,True
src3/2025-05-05-FacebookAI/roberta-base-5e-05-data,2000,5,0.544083833694458,0.5767490783328673,(),1000,True
src3/2025-05-05-FacebookAI/roberta-base-5e-06-data,2000,0,3.5447800159454346,0.5679705366954765,(),1000,True
src3/2025-05-05-FacebookAI/roberta-base-5e-06-data,2000,1,1.7826104164123535,0.5714382960344399,(),1000,True
src3/2025-05-05-FacebookAI/roberta-base-5e-06-data,2000,2,1.030961990356445,0.544302441023055,(),1000,True
src3/2025-05-05-FacebookAI/roberta-base-5e-06-data,2000,3,0.7672774791717529,0.5849224391779901,(),1000,True
src3/2025-05-05-FacebookAI/roberta-base-5e-06-data,2000,4,2.4386661052703857,0.5322923303491031,(),1000,True
src3/2025-05-05-FacebookAI/roberta-base-5e-06-data,2000,5,4.23609185218811,0.5715128513951432,(),1000,True
src3/2025-05-05-FacebookAI/roberta-base-5e-06-data,2000,0,1.6975748538970947,0.5421025215801335,(),1000,True
src3/2025-05-05-FacebookAI/roberta-base-5e-06-data,2000,1,3.0498385429382324,0.5120435409592036,(),1000,True
src3/2025-05-05-FacebookAI/roberta-base-5e-06-data,2000,2,4.150928258895874,0.5320412906368457,(),1000,True
src3/2025-05-05-FacebookAI/roberta-base-5e-06-data,2000,3,0.9439597129821776,0.5747808384515634,(),1000,True
src3/2025-05-05-FacebookAI/roberta-base-5e-06-data,2000,4,2.4637610912323,0.5828307597145823,(),1000,True
src3/2025-05-05-FacebookAI/roberta-base-5e-06-data,2000,5,2.4263548851013184,0.6073734183501182,(),1000,True
src3/2025-05-05-FacebookAI/roberta-base-5e-06-data,2000,0,1.6216440200805664,0.6156195535283866,(),1000,True
src3/2025-05-05-FacebookAI/roberta-base-5e-06-data,2000,1,1.9460294246673584,0.5782563373957733,(),1000,True
src3/2025-05-05-FacebookAI/roberta-base-5e-06-data,2000,2,1.4036705493927002,0.5773194290636151,(),1000,True
src3/2025-05-05-FacebookAI/roberta-base-5e-06-data,2000,3,0.8753697872161865,0.5135208653353814,(),1000,True
src3/2025-05-05-FacebookAI/roberta-base-5e-06-data,2000,4,1.7532761096954346,0.5613849623662771,(),1000,True
src3/2025-05-05-FacebookAI/roberta-base-5e-06-data,2000,5,3.43669867515564,0.5768249192594653,(),1000,True
src3/2025-05-05-google-bert/bert-base-uncased-1e-05-data,2000,0,5.766697406768799,0.5321566247672173,(),1000,True
src3/2025-05-05-google-bert/bert-base-uncased-1e-05-data,2000,1,1.8481314182281487,0.4925740276617469,(),1000,True
src3/2025-05-05-google-bert/bert-base-uncased-1e-05-data,2000,2,2.0339515209198,0.5488834043002387,(),1000,True
src3/2025-05-05-google-bert/bert-base-uncased-1e-05-data,2000,3,2.3268301486968994,0.5544579533941235,(),1000,True
src3/2025-05-05-google-bert/bert-base-uncased-1e-05-data,2000,4,6.0615949630737305,0.5606485605223567,(),1000,True
src3/2025-05-05-google-bert/bert-base-uncased-1e-05-data,2000,5,3.675945997238159,0.5205776364163223,(),1000,True
src3/2025-05-05-google-bert/bert-base-uncased-1e-05-data,2000,0,4.59013295173645,0.5724615339440922,(),1000,True
src3/2025-05-05-google-bert/bert-base-uncased-1e-05-data,2000,1,2.386859178543091,0.5143239011723374,(),1000,True
src3/2025-05-05-google-bert/bert-base-uncased-1e-05-data,2000,2,2.2989072799682617,0.4894754482989776,(),1000,True
src3/2025-05-05-google-bert/bert-base-uncased-1e-05-data,2000,3,2.812756061553955,0.5440815656023091,(),1000,True
src3/2025-05-05-google-bert/bert-base-uncased-1e-05-data,2000,4,1.7986862659454346,0.5882796093830928,(),1000,True
src3/2025-05-05-google-bert/bert-base-uncased-1e-05-data,2000,5,3.374325752258301,0.6138126121520033,(),1000,True
src3/2025-05-05-google-bert/bert-base-uncased-1e-05-data,2000,0,3.264342784881592,0.5241988801187344,(),1000,True
src3/2025-05-05-google-bert/bert-base-uncased-1e-05-data,2000,1,1.9267849922180176,0.4768551878229297,(),1000,True
src3/2025-05-05-google-bert/bert-base-uncased-1e-05-data,2000,2,3.548004388809204,0.4941170238254335,(),1000,True
src3/2025-05-05-google-bert/bert-base-uncased-1e-05-data,2000,3,2.5251834392547607,0.5499528242441453,(),1000,True
src3/2025-05-05-google-bert/bert-base-uncased-1e-05-data,2000,4,2.037805318832397,0.5557047049865974,(),1000,True
src3/2025-05-05-google-bert/bert-base-uncased-1e-05-data,2000,5,2.630704402923584,0.6147193723435878,(),1000,True
src3/2025-05-05-google-bert/bert-base-uncased-2e-05-data,2000,0,1.6083567142486572,0.4426822118469715,(),1000,True
src3/2025-05-05-google-bert/bert-base-uncased-2e-05-data,2000,1,4.147017478942871,0.4519651300236407,(),1000,True
src3/2025-05-05-google-bert/bert-base-uncased-2e-05-data,2000,2,2.8033604621887207,0.5711133898122919,(),1000,True
src3/2025-05-05-google-bert/bert-base-uncased-2e-05-data,2000,3,1.743828058242798,0.6161220200564462,(),1000,True
src3/2025-05-05-google-bert/bert-base-uncased-2e-05-data,2000,4,4.450206279754639,0.536915711977675,(),1000,True
src3/2025-05-05-google-bert/bert-base-uncased-2e-05-data,2000,5,3.530833005905152,0.5434803839499972,(),1000,True
src3/2025-05-05-google-bert/bert-base-uncased-2e-05-data,2000,0,5.3189239501953125,0.5809490149833114,(),1000,True
src3/2025-05-05-google-bert/bert-base-uncased-2e-05-data,2000,1,4.318689346313477,0.5468886291189574,(),1000,True
src3/2025-05-05-google-bert/bert-base-uncased-2e-05-data,2000,2,1.4522993564605713,0.5390818174659422,(),1000,True
src3/2025-05-05-google-bert/bert-base-uncased-2e-05-data,2000,3,4.300853252410889,0.5945920455724377,(),1000,True
src3/2025-05-05-google-bert/bert-base-uncased-2e-05-data,2000,4,2.1203548908233643,0.5871504296046207,(),1000,True
src3/2025-05-05-google-bert/bert-base-uncased-2e-05-data,2000,5,3.4517204761505127,0.5816837516201249,(),1000,True
src3/2025-05-05-google-bert/bert-base-uncased-2e-05-data,2000,0,2.490474224090576,0.6035517777683803,(),1000,True
src3/2025-05-05-google-bert/bert-base-uncased-2e-05-data,2000,1,3.3384923934936523,0.5215680954964732,(),1000,True
src3/2025-05-05-google-bert/bert-base-uncased-2e-05-data,2000,2,1.915185689926148,0.5728589450546556,(),1000,True
src3/2025-05-05-google-bert/bert-base-uncased-2e-05-data,2000,3,1.2359533309936523,0.6265049423729475,(),1000,True
src3/2025-05-05-google-bert/bert-base-uncased-2e-05-data,2000,4,1.8538084030151367,0.5632381687216149,(),1000,True
src3/2025-05-05-google-bert/bert-base-uncased-2e-05-data,2000,5,2.024237871170044,0.5492999988433557,(),1000,True
src3/2025-05-05-google-bert/bert-base-uncased-5e-05-data,2000,0,1.3438665866851809,0.4599843035203486,(),1000,True
src3/2025-05-05-google-bert/bert-base-uncased-5e-05-data,2000,1,1.524956464767456,0.5025007130342664,(),1000,True
src3/2025-05-05-google-bert/bert-base-uncased-5e-05-data,2000,2,1.413259744644165,0.4737747711808953,(),1000,True
src3/2025-05-05-google-bert/bert-base-uncased-5e-05-data,2000,3,4.230603218078613,0.5884978720769173,(),1000,True
src3/2025-05-05-google-bert/bert-base-uncased-5e-05-data,2000,4,1.82098388671875,0.6146822968813735,(),1000,True
src3/2025-05-05-google-bert/bert-base-uncased-5e-05-data,2000,5,4.832930326461792,0.5783603692211239,(),1000,True
src3/2025-05-05-google-bert/bert-base-uncased-5e-05-data,2000,0,3.016112804412842,0.5185071431895388,(),1000,True
src3/2025-05-05-google-bert/bert-base-uncased-5e-05-data,2000,1,2.129915952682495,0.5424730863022661,(),1000,True
src3/2025-05-05-google-bert/bert-base-uncased-5e-05-data,2000,2,1.4149129390716553,0.5417680353962213,(),1000,True
src3/2025-05-05-google-bert/bert-base-uncased-5e-05-data,2000,3,1.737950086593628,0.5317603436644243,(),1000,True
src3/2025-05-05-google-bert/bert-base-uncased-5e-05-data,2000,4,0.7451560497283936,0.6579512121461145,(),1000,True
src3/2025-05-05-google-bert/bert-base-uncased-5e-05-data,2000,5,3.373230457305908,0.5701917130488559,(),1000,True
src3/2025-05-05-google-bert/bert-base-uncased-5e-05-data,2000,0,5.114328861236572,0.5614356695963116,(),1000,True
src3/2025-05-05-google-bert/bert-base-uncased-5e-05-data,2000,1,5.522284746170044,0.4958099513655069,(),1000,True
src3/2025-05-05-google-bert/bert-base-uncased-5e-05-data,2000,2,3.4086623191833496,0.5558180343364766,(),1000,True
src3/2025-05-05-google-bert/bert-base-uncased-5e-05-data,2000,3,4.442175388336182,0.580684745659365,(),1000,True
src3/2025-05-05-google-bert/bert-base-uncased-5e-05-data,2000,4,2.4287424087524414,0.6029330642911991,(),1000,True
src3/2025-05-05-google-bert/bert-base-uncased-5e-05-data,2000,5,6.515830039978027,0.4951393069415332,(),1000,True
src3/2025-05-05-google-bert/bert-base-uncased-5e-06-data,2000,0,2.303317785263061,0.4879530067702111,(),1000,True
src3/2025-05-05-google-bert/bert-base-uncased-5e-06-data,2000,1,4.034643650054932,0.4994292406823788,(),1000,True
src3/2025-05-05-google-bert/bert-base-uncased-5e-06-data,2000,2,1.6255083084106443,0.4700016523463318,(),1000,True
src3/2025-05-05-google-bert/bert-base-uncased-5e-06-data,2000,3,1.9509570598602293,0.4849906935873351,(),1000,True
src3/2025-05-05-google-bert/bert-base-uncased-5e-06-data,2000,4,2.442100763320923,0.4797518892648922,(),1000,True
src3/2025-05-05-google-bert/bert-base-uncased-5e-06-data,2000,5,1.4742708206176758,0.4565125649170999,(),1000,True
src3/2025-05-05-google-bert/bert-base-uncased-5e-06-data,2000,0,2.108443260192871,0.5490058740554444,(),1000,True
src3/2025-05-05-google-bert/bert-base-uncased-5e-06-data,2000,1,1.6608340740203855,0.4440735222516738,(),1000,True
src3/2025-05-05-google-bert/bert-base-uncased-5e-06-data,2000,2,1.5507140159606934,0.4781078620061671,(),1000,True
src3/2025-05-05-google-bert/bert-base-uncased-5e-06-data,2000,3,2.5287926197052,0.4968456494772284,(),1000,True
src3/2025-05-05-google-bert/bert-base-uncased-5e-06-data,2000,4,4.4466612339019775,0.4666148656309913,(),1000,True
src3/2025-05-05-google-bert/bert-base-uncased-5e-06-data,2000,5,2.133439302444458,0.4627581377445729,(),1000,True
src3/2025-05-05-google-bert/bert-base-uncased-5e-06-data,2000,0,2.3402233123779297,0.5564483162064251,(),1000,True
src3/2025-05-05-google-bert/bert-base-uncased-5e-06-data,2000,1,5.214693307876587,0.4437184772851365,(),1000,True
src3/2025-05-05-google-bert/bert-base-uncased-5e-06-data,2000,2,3.0628981590270996,0.512684230622375,(),1000,True
src3/2025-05-05-google-bert/bert-base-uncased-5e-06-data,2000,3,1.2316291332244873,0.4824200763700004,(),1000,True
src3/2025-05-05-google-bert/bert-base-uncased-5e-06-data,2000,4,2.9699087142944336,0.48903470012961003,(),1000,True
src3/2025-05-05-google-bert/bert-base-uncased-5e-06-data,2000,5,1.1024925708770752,0.4283005546446323,(),1000,True
