,filename,n_samples,epoch,time,f1_macro,n_estimators,criterion,max_depth,iteration
432,src3/319_models/2025-06-09-answerdotai/ModernBERT-base-1e-04-data,100,0,53.93246126174927,0.5949644225506295,340,entropy,90,1.0
433,src3/319_models/2025-06-09-answerdotai/ModernBERT-base-1e-04-data,100,1,33.164018869400024,0.5551419906258616,120,entropy,90,1.0
434,src3/319_models/2025-06-09-answerdotai/ModernBERT-base-1e-04-data,100,2,33.58799886703491,0.624661331550318,230,log_loss,60,1.0
435,src3/319_models/2025-06-09-answerdotai/ModernBERT-base-1e-04-data,100,3,30.17245960235596,0.5966080789392537,10,entropy,30,1.0
436,src3/319_models/2025-06-09-answerdotai/ModernBERT-base-1e-04-data,100,4,30.386106252670288,0.6757278208440999,120,log_loss,90,1.0
437,src3/319_models/2025-06-09-answerdotai/ModernBERT-base-1e-04-data,100,5,48.45624995231629,0.5651515151515151,340,gini,30,1.0
438,src3/319_models/2025-06-09-answerdotai/ModernBERT-base-1e-04-data,200,0,92.24412369728088,0.6226001511715797,780,gini,60,1.0
439,src3/319_models/2025-06-09-answerdotai/ModernBERT-base-1e-04-data,200,1,38.06027412414551,0.6234309913431616,340,entropy,90,1.0
440,src3/319_models/2025-06-09-answerdotai/ModernBERT-base-1e-04-data,200,2,34.76633024215698,0.7356487275761369,10,log_loss,30,1.0
441,src3/319_models/2025-06-09-answerdotai/ModernBERT-base-1e-04-data,200,3,28.2617666721344,0.6011204481792717,230,entropy,30,1.0
442,src3/319_models/2025-06-09-answerdotai/ModernBERT-base-1e-04-data,200,4,42.86119604110718,0.668212739641311,230,log_loss,90,1.0
443,src3/319_models/2025-06-09-answerdotai/ModernBERT-base-1e-04-data,200,5,66.33675861358643,0.6146633289490432,10,entropy,30,1.0
444,src3/319_models/2025-06-09-answerdotai/ModernBERT-base-1e-04-data,300,0,41.64629030227661,0.5182563570316554,450,log_loss,60,1.0
445,src3/319_models/2025-06-09-answerdotai/ModernBERT-base-1e-04-data,300,1,44.99199461936951,0.7165869911632624,120,log_loss,90,1.0
446,src3/319_models/2025-06-09-answerdotai/ModernBERT-base-1e-04-data,300,2,94.56448698043825,0.6520305091733664,780,log_loss,90,1.0
447,src3/319_models/2025-06-09-answerdotai/ModernBERT-base-1e-04-data,300,3,85.18522787094116,0.5802809066889166,230,entropy,60,1.0
448,src3/319_models/2025-06-09-answerdotai/ModernBERT-base-1e-04-data,300,4,74.72101163864136,0.5258145363408521,780,entropy,30,1.0
449,src3/319_models/2025-06-09-answerdotai/ModernBERT-base-1e-04-data,300,5,36.16002178192139,0.6416574381690661,10,gini,90,1.0
450,src3/319_models/2025-06-09-answerdotai/ModernBERT-base-1e-04-data,100,0,66.81440997123718,0.5602175602175602,230,gini,30,2.0
451,src3/319_models/2025-06-09-answerdotai/ModernBERT-base-1e-04-data,100,1,29.10690140724182,0.4370003159096984,120,entropy,60,2.0
452,src3/319_models/2025-06-09-answerdotai/ModernBERT-base-1e-04-data,100,2,57.1460325717926,0.538243935983996,780,entropy,30,2.0
453,src3/319_models/2025-06-09-answerdotai/ModernBERT-base-1e-04-data,100,3,61.83206367492676,0.6811954560967286,450,entropy,30,2.0
454,src3/319_models/2025-06-09-answerdotai/ModernBERT-base-1e-04-data,100,4,42.96743965148926,0.5672672246654371,450,entropy,60,2.0
455,src3/319_models/2025-06-09-answerdotai/ModernBERT-base-1e-04-data,100,5,32.64486122131348,0.5919463553609895,10,entropy,90,2.0
456,src3/319_models/2025-06-09-answerdotai/ModernBERT-base-1e-04-data,200,0,35.06321907043457,0.6762567029925618,340,entropy,60,2.0
457,src3/319_models/2025-06-09-answerdotai/ModernBERT-base-1e-04-data,200,1,74.7755217552185,0.5965788392291245,560,entropy,60,2.0
458,src3/319_models/2025-06-09-answerdotai/ModernBERT-base-1e-04-data,200,2,67.50053358078003,0.6148344181389028,560,entropy,30,2.0
459,src3/319_models/2025-06-09-answerdotai/ModernBERT-base-1e-04-data,200,3,50.43810820579529,0.5971177944862155,450,entropy,30,2.0
460,src3/319_models/2025-06-09-answerdotai/ModernBERT-base-1e-04-data,200,4,45.35800266265869,0.6123077823888047,450,log_loss,90,2.0
461,src3/319_models/2025-06-09-answerdotai/ModernBERT-base-1e-04-data,200,5,31.178845643997192,0.7061172601528279,230,log_loss,90,2.0
462,src3/319_models/2025-06-09-answerdotai/ModernBERT-base-1e-04-data,300,0,52.04350161552429,0.6137799106185788,890,entropy,30,2.0
463,src3/319_models/2025-06-09-answerdotai/ModernBERT-base-1e-04-data,300,1,48.95727181434631,0.6667012627573085,10,entropy,30,2.0
464,src3/319_models/2025-06-09-answerdotai/ModernBERT-base-1e-04-data,300,2,63.68881964683533,0.644184946705955,670,log_loss,90,2.0
465,src3/319_models/2025-06-09-answerdotai/ModernBERT-base-1e-04-data,300,3,43.89078521728516,0.6511049439819098,340,log_loss,90,2.0
466,src3/319_models/2025-06-09-answerdotai/ModernBERT-base-1e-04-data,300,4,51.31839060783386,0.581120127219418,10,entropy,30,2.0
467,src3/319_models/2025-06-09-answerdotai/ModernBERT-base-1e-04-data,300,5,38.94674634933472,0.6341789992952783,10,gini,90,2.0
468,src3/319_models/2025-06-09-answerdotai/ModernBERT-base-1e-04-data,100,0,24.92103123664856,0.5971283783783784,10,entropy,60,3.0
469,src3/319_models/2025-06-09-answerdotai/ModernBERT-base-1e-04-data,100,1,61.91230225563049,0.6494708994708994,120,entropy,60,3.0
470,src3/319_models/2025-06-09-answerdotai/ModernBERT-base-1e-04-data,100,2,38.63153910636902,0.5725202901673491,230,log_loss,60,3.0
471,src3/319_models/2025-06-09-answerdotai/ModernBERT-base-1e-04-data,100,3,30.892120361328125,0.50989898989899,450,gini,90,3.0
472,src3/319_models/2025-06-09-answerdotai/ModernBERT-base-1e-04-data,100,4,41.11011481285095,0.651319773048373,120,gini,30,3.0
473,src3/319_models/2025-06-09-answerdotai/ModernBERT-base-1e-04-data,100,5,41.76825022697449,0.594032827120724,780,gini,30,3.0
474,src3/319_models/2025-06-09-answerdotai/ModernBERT-base-1e-04-data,200,0,43.73749589920044,0.6152361653881412,340,log_loss,30,3.0
475,src3/319_models/2025-06-09-answerdotai/ModernBERT-base-1e-04-data,200,1,23.878061771392822,0.5212968656297208,120,entropy,30,3.0
476,src3/319_models/2025-06-09-answerdotai/ModernBERT-base-1e-04-data,200,2,71.496821641922,0.6163793103448275,780,entropy,60,3.0
477,src3/319_models/2025-06-09-answerdotai/ModernBERT-base-1e-04-data,200,3,81.19457817077637,0.6054972039371865,120,gini,30,3.0
478,src3/319_models/2025-06-09-answerdotai/ModernBERT-base-1e-04-data,200,4,37.25703144073486,0.6055555555555556,10,gini,90,3.0
479,src3/319_models/2025-06-09-answerdotai/ModernBERT-base-1e-04-data,200,5,89.7482123374939,0.637564669202042,10,log_loss,60,3.0
480,src3/319_models/2025-06-09-answerdotai/ModernBERT-base-1e-04-data,300,0,54.34944343566895,0.5841380841380841,10,gini,30,3.0
481,src3/319_models/2025-06-09-answerdotai/ModernBERT-base-1e-04-data,300,1,61.56256318092346,0.7477954144620811,120,log_loss,30,3.0
482,src3/319_models/2025-06-09-answerdotai/ModernBERT-base-1e-04-data,300,2,58.8738808631897,0.5636126791141989,340,gini,60,3.0
483,src3/319_models/2025-06-09-answerdotai/ModernBERT-base-1e-04-data,300,3,56.32514429092407,0.6096681096681097,10,log_loss,90,3.0
484,src3/319_models/2025-06-09-answerdotai/ModernBERT-base-1e-04-data,300,4,35.72781229019165,0.6647641512745449,10,gini,90,3.0
485,src3/319_models/2025-06-09-answerdotai/ModernBERT-base-1e-04-data,300,5,68.11407256126404,0.7766866703036915,230,log_loss,90,3.0
486,src3/319_models/2025-06-09-answerdotai/ModernBERT-base-1e-05-data,100,0,72.65972638130188,0.475438596491228,670,log_loss,90,1.0
487,src3/319_models/2025-06-09-answerdotai/ModernBERT-base-1e-05-data,100,1,43.10518932342529,0.585075493612079,670,entropy,60,1.0
488,src3/319_models/2025-06-09-answerdotai/ModernBERT-base-1e-05-data,100,2,40.57517099380493,0.7716276477146042,230,gini,30,1.0
489,src3/319_models/2025-06-09-answerdotai/ModernBERT-base-1e-05-data,100,3,45.25546789169312,0.7226768503364248,10,entropy,60,1.0
490,src3/319_models/2025-06-09-answerdotai/ModernBERT-base-1e-05-data,100,4,27.901477575302124,0.7680672268907562,230,entropy,90,1.0
491,src3/319_models/2025-06-09-answerdotai/ModernBERT-base-1e-05-data,100,5,28.04953646659851,0.6171717171717171,120,gini,60,1.0
492,src3/319_models/2025-06-09-answerdotai/ModernBERT-base-1e-05-data,200,0,38.77033495903015,0.6666666666666666,120,gini,30,1.0
493,src3/319_models/2025-06-09-answerdotai/ModernBERT-base-1e-05-data,200,1,68.51679968833923,0.7102604997341838,230,entropy,30,1.0
494,src3/319_models/2025-06-09-answerdotai/ModernBERT-base-1e-05-data,200,2,65.88886547088623,0.5937801932367149,340,log_loss,90,1.0
495,src3/319_models/2025-06-09-answerdotai/ModernBERT-base-1e-05-data,200,3,92.56723165512084,0.7263157894736842,450,entropy,90,1.0
496,src3/319_models/2025-06-09-answerdotai/ModernBERT-base-1e-05-data,200,4,56.194451332092285,0.7031054966538838,560,entropy,60,1.0
497,src3/319_models/2025-06-09-answerdotai/ModernBERT-base-1e-05-data,200,5,68.50285983085632,0.638095238095238,670,log_loss,90,1.0
498,src3/319_models/2025-06-09-answerdotai/ModernBERT-base-1e-05-data,300,0,63.258875131607056,0.6020408163265306,340,gini,60,1.0
499,src3/319_models/2025-06-09-answerdotai/ModernBERT-base-1e-05-data,300,1,44.74252915382385,0.6102525264478261,340,entropy,30,1.0
500,src3/319_models/2025-06-09-answerdotai/ModernBERT-base-1e-05-data,300,2,37.93255424499512,0.6115800745910417,230,gini,30,1.0
501,src3/319_models/2025-06-09-answerdotai/ModernBERT-base-1e-05-data,300,3,63.85045266151428,0.7112202218585196,560,gini,90,1.0
502,src3/319_models/2025-06-09-answerdotai/ModernBERT-base-1e-05-data,300,4,67.14474654197693,0.661906868010362,230,gini,60,1.0
503,src3/319_models/2025-06-09-answerdotai/ModernBERT-base-1e-05-data,300,5,82.02347254753113,0.5920749942489073,230,log_loss,30,1.0
504,src3/319_models/2025-06-09-answerdotai/ModernBERT-base-1e-05-data,100,0,43.766929388046265,0.4790420392640559,10,entropy,90,2.0
505,src3/319_models/2025-06-09-answerdotai/ModernBERT-base-1e-05-data,100,1,58.91270661354065,0.5239500173550851,340,log_loss,60,2.0
506,src3/319_models/2025-06-09-answerdotai/ModernBERT-base-1e-05-data,100,2,42.57379412651062,0.7103174603174603,230,entropy,30,2.0
507,src3/319_models/2025-06-09-answerdotai/ModernBERT-base-1e-05-data,100,3,36.56508183479309,0.603759820426487,670,entropy,90,2.0
508,src3/319_models/2025-06-09-answerdotai/ModernBERT-base-1e-05-data,100,4,34.012134075164795,0.7562316715542522,340,gini,90,2.0
509,src3/319_models/2025-06-09-answerdotai/ModernBERT-base-1e-05-data,100,5,39.32633447647095,0.4734959634447218,230,entropy,30,2.0
510,src3/319_models/2025-06-09-answerdotai/ModernBERT-base-1e-05-data,200,0,100.99551057815552,0.5808857808857809,340,entropy,60,2.0
511,src3/319_models/2025-06-09-answerdotai/ModernBERT-base-1e-05-data,200,1,55.66608738899231,0.5464122946475888,10,gini,90,2.0
512,src3/319_models/2025-06-09-answerdotai/ModernBERT-base-1e-05-data,200,2,49.960468769073486,0.5816717245513469,120,gini,30,2.0
513,src3/319_models/2025-06-09-answerdotai/ModernBERT-base-1e-05-data,200,3,85.43885779380798,0.713504841411818,230,entropy,90,2.0
514,src3/319_models/2025-06-09-answerdotai/ModernBERT-base-1e-05-data,200,4,52.456775188446045,0.6515332286760858,120,gini,90,2.0
515,src3/319_models/2025-06-09-answerdotai/ModernBERT-base-1e-05-data,200,5,33.97535538673401,0.6239368811129337,10,gini,60,2.0
516,src3/319_models/2025-06-09-answerdotai/ModernBERT-base-1e-05-data,300,0,64.95134401321411,0.7000000000000001,230,log_loss,60,2.0
517,src3/319_models/2025-06-09-answerdotai/ModernBERT-base-1e-05-data,300,1,33.342817068099976,0.5483204134366925,120,gini,30,2.0
518,src3/319_models/2025-06-09-answerdotai/ModernBERT-base-1e-05-data,300,2,82.3995041847229,0.6658040027605245,780,log_loss,60,2.0
519,src3/319_models/2025-06-09-answerdotai/ModernBERT-base-1e-05-data,300,3,47.964699029922485,0.680590122227753,120,log_loss,90,2.0
520,src3/319_models/2025-06-09-answerdotai/ModernBERT-base-1e-05-data,300,4,300.60017585754395,0.6943420097330947,340,entropy,90,2.0
521,src3/319_models/2025-06-09-answerdotai/ModernBERT-base-1e-05-data,300,5,37.67588949203491,0.5735062893081762,120,gini,30,2.0
522,src3/319_models/2025-06-09-answerdotai/ModernBERT-base-1e-05-data,100,0,27.64059853553772,0.6658496732026143,230,gini,90,3.0
523,src3/319_models/2025-06-09-answerdotai/ModernBERT-base-1e-05-data,100,1,55.02150845527649,0.5610923423423424,670,gini,30,3.0
524,src3/319_models/2025-06-09-answerdotai/ModernBERT-base-1e-05-data,100,2,31.024672031402588,0.5805618365680548,10,entropy,60,3.0
525,src3/319_models/2025-06-09-answerdotai/ModernBERT-base-1e-05-data,100,3,62.44320797920227,0.6571096586782861,780,log_loss,90,3.0
526,src3/319_models/2025-06-09-answerdotai/ModernBERT-base-1e-05-data,100,4,27.92507839202881,0.6418179396030093,120,gini,60,3.0
527,src3/319_models/2025-06-09-answerdotai/ModernBERT-base-1e-05-data,100,5,62.23275136947632,0.6050911592707258,120,log_loss,60,3.0
528,src3/319_models/2025-06-09-answerdotai/ModernBERT-base-1e-05-data,200,0,29.796072006225582,0.5443223443223443,10,log_loss,60,3.0
529,src3/319_models/2025-06-09-answerdotai/ModernBERT-base-1e-05-data,200,1,46.57833671569824,0.5845016868536033,10,log_loss,30,3.0
530,src3/319_models/2025-06-09-answerdotai/ModernBERT-base-1e-05-data,200,2,46.07597899436951,0.607395637729308,780,log_loss,30,3.0
531,src3/319_models/2025-06-09-answerdotai/ModernBERT-base-1e-05-data,200,3,64.23271417617798,0.6438011083982481,230,entropy,60,3.0
532,src3/319_models/2025-06-09-answerdotai/ModernBERT-base-1e-05-data,200,4,54.43457007408142,0.653546332894159,120,gini,60,3.0
533,src3/319_models/2025-06-09-answerdotai/ModernBERT-base-1e-05-data,200,5,48.01060962677002,0.580952380952381,10,gini,90,3.0
534,src3/319_models/2025-06-09-answerdotai/ModernBERT-base-1e-05-data,300,0,42.59160661697388,0.574969553692958,340,gini,60,3.0
535,src3/319_models/2025-06-09-answerdotai/ModernBERT-base-1e-05-data,300,1,31.306739568710327,0.6100989653621233,10,entropy,60,3.0
536,src3/319_models/2025-06-09-answerdotai/ModernBERT-base-1e-05-data,300,2,66.3994300365448,0.6874432166325087,120,entropy,90,3.0
537,src3/319_models/2025-06-09-answerdotai/ModernBERT-base-1e-05-data,300,3,30.16931533813477,0.6973177360274135,120,gini,90,3.0
538,src3/319_models/2025-06-09-answerdotai/ModernBERT-base-1e-05-data,300,4,93.2551736831665,0.6697658258633868,450,entropy,60,3.0
539,src3/319_models/2025-06-09-answerdotai/ModernBERT-base-1e-05-data,300,5,74.88389420509338,0.5799965403909358,10,gini,90,3.0
540,src3/319_models/2025-06-09-answerdotai/ModernBERT-base-5e-05-data,100,0,38.07578659057617,0.5041191312377754,560,log_loss,90,1.0
541,src3/319_models/2025-06-09-answerdotai/ModernBERT-base-5e-05-data,100,1,32.23178148269653,0.5506802721088435,450,entropy,90,1.0
542,src3/319_models/2025-06-09-answerdotai/ModernBERT-base-5e-05-data,100,2,80.25121927261353,0.5847222222222223,670,gini,30,1.0
543,src3/319_models/2025-06-09-answerdotai/ModernBERT-base-5e-05-data,100,3,46.46330046653748,0.6231481481481481,10,gini,60,1.0
544,src3/319_models/2025-06-09-answerdotai/ModernBERT-base-5e-05-data,100,4,40.22944855690002,0.4494833284524955,340,entropy,60,1.0
545,src3/319_models/2025-06-09-answerdotai/ModernBERT-base-5e-05-data,100,5,42.10612154006958,0.6125943273484257,560,log_loss,30,1.0
546,src3/319_models/2025-06-09-answerdotai/ModernBERT-base-5e-05-data,200,0,70.60400938987732,0.4946214258060948,670,gini,90,1.0
547,src3/319_models/2025-06-09-answerdotai/ModernBERT-base-5e-05-data,200,1,55.49047374725342,0.5817114739677828,120,log_loss,30,1.0
548,src3/319_models/2025-06-09-answerdotai/ModernBERT-base-5e-05-data,200,2,77.977454662323,0.5195652173913043,230,gini,30,1.0
549,src3/319_models/2025-06-09-answerdotai/ModernBERT-base-5e-05-data,200,3,46.03234100341797,0.6561616161616161,120,entropy,60,1.0
550,src3/319_models/2025-06-09-answerdotai/ModernBERT-base-5e-05-data,200,4,28.36063551902771,0.6411671586873743,10,gini,90,1.0
551,src3/319_models/2025-06-09-answerdotai/ModernBERT-base-5e-05-data,200,5,28.890576124191284,0.5804695380618773,10,gini,60,1.0
552,src3/319_models/2025-06-09-answerdotai/ModernBERT-base-5e-05-data,300,0,121.78207039833067,0.7328282828282827,120,entropy,90,1.0
553,src3/319_models/2025-06-09-answerdotai/ModernBERT-base-5e-05-data,300,1,45.158249855041504,0.6483190883190884,670,entropy,30,1.0
554,src3/319_models/2025-06-09-answerdotai/ModernBERT-base-5e-05-data,300,2,104.00497341156006,0.5747268604411461,890,log_loss,60,1.0
555,src3/319_models/2025-06-09-answerdotai/ModernBERT-base-5e-05-data,300,3,78.45202422142029,0.6694918355546772,230,entropy,60,1.0
556,src3/319_models/2025-06-09-answerdotai/ModernBERT-base-5e-05-data,300,4,61.11379146575928,0.6571977638015373,890,log_loss,30,1.0
557,src3/319_models/2025-06-09-answerdotai/ModernBERT-base-5e-05-data,300,5,47.94999241828919,0.6852525252525252,10,log_loss,30,1.0
558,src3/319_models/2025-06-09-answerdotai/ModernBERT-base-5e-05-data,100,0,33.60083222389221,0.625,10,gini,30,2.0
559,src3/319_models/2025-06-09-answerdotai/ModernBERT-base-5e-05-data,100,1,39.81296753883362,0.6100392347207054,120,entropy,30,2.0
560,src3/319_models/2025-06-09-answerdotai/ModernBERT-base-5e-05-data,100,2,28.105621576309204,0.5456349206349206,10,gini,60,2.0
561,src3/319_models/2025-06-09-answerdotai/ModernBERT-base-5e-05-data,100,3,23.301528215408325,0.6412161355770378,10,log_loss,30,2.0
562,src3/319_models/2025-06-09-answerdotai/ModernBERT-base-5e-05-data,100,4,55.98175406455994,0.5692307692307693,120,log_loss,90,2.0
563,src3/319_models/2025-06-09-answerdotai/ModernBERT-base-5e-05-data,100,5,21.1751811504364,0.5242717092694084,10,gini,60,2.0
564,src3/319_models/2025-06-09-answerdotai/ModernBERT-base-5e-05-data,200,0,57.42012119293213,0.6028064502756706,230,gini,30,2.0
565,src3/319_models/2025-06-09-answerdotai/ModernBERT-base-5e-05-data,200,1,46.608593225479126,0.690422322775264,450,gini,90,2.0
566,src3/319_models/2025-06-09-answerdotai/ModernBERT-base-5e-05-data,200,2,138.81223559379578,0.646871945259042,890,entropy,30,2.0
567,src3/319_models/2025-06-09-answerdotai/ModernBERT-base-5e-05-data,200,3,65.68153643608093,0.7020408163265306,560,log_loss,30,2.0
568,src3/319_models/2025-06-09-answerdotai/ModernBERT-base-5e-05-data,200,4,42.46134066581726,0.6803329383974545,450,log_loss,60,2.0
569,src3/319_models/2025-06-09-answerdotai/ModernBERT-base-5e-05-data,200,5,48.635234117507935,0.5738204607769826,10,gini,90,2.0
570,src3/319_models/2025-06-09-answerdotai/ModernBERT-base-5e-05-data,300,0,50.858237981796265,0.6803157626687039,340,log_loss,90,2.0
571,src3/319_models/2025-06-09-answerdotai/ModernBERT-base-5e-05-data,300,1,74.93884801864624,0.6609405458089669,670,entropy,60,2.0
572,src3/319_models/2025-06-09-answerdotai/ModernBERT-base-5e-05-data,300,2,44.45891642570496,0.717016317016317,120,log_loss,90,2.0
573,src3/319_models/2025-06-09-answerdotai/ModernBERT-base-5e-05-data,300,3,65.2215621471405,0.6978606298809185,10,log_loss,60,2.0
574,src3/319_models/2025-06-09-answerdotai/ModernBERT-base-5e-05-data,300,4,28.33510613441468,0.4551250206987912,120,entropy,60,2.0
575,src3/319_models/2025-06-09-answerdotai/ModernBERT-base-5e-05-data,300,5,52.5816752910614,0.6678785599364799,10,gini,30,2.0
576,src3/319_models/2025-06-09-answerdotai/ModernBERT-base-5e-05-data,100,0,20.3945472240448,0.562049062049062,230,log_loss,60,3.0
577,src3/319_models/2025-06-09-answerdotai/ModernBERT-base-5e-05-data,100,1,38.01233887672424,0.5452602093468967,120,entropy,30,3.0
578,src3/319_models/2025-06-09-answerdotai/ModernBERT-base-5e-05-data,100,2,74.19622325897217,0.6701114488348532,450,log_loss,90,3.0
579,src3/319_models/2025-06-09-answerdotai/ModernBERT-base-5e-05-data,100,3,38.50418472290039,0.525362809233777,10,entropy,60,3.0
580,src3/319_models/2025-06-09-answerdotai/ModernBERT-base-5e-05-data,100,4,29.370896339416504,0.5267041901188243,10,log_loss,60,3.0
581,src3/319_models/2025-06-09-answerdotai/ModernBERT-base-5e-05-data,100,5,35.29029965400696,0.5958044345141119,10,log_loss,60,3.0
582,src3/319_models/2025-06-09-answerdotai/ModernBERT-base-5e-05-data,200,0,122.26135206222534,0.6501089324618735,10,entropy,90,3.0
583,src3/319_models/2025-06-09-answerdotai/ModernBERT-base-5e-05-data,200,1,53.69676160812378,0.5637203807935515,670,entropy,90,3.0
584,src3/319_models/2025-06-09-answerdotai/ModernBERT-base-5e-05-data,200,2,60.14640974998474,0.5241301907968574,120,entropy,30,3.0
585,src3/319_models/2025-06-09-answerdotai/ModernBERT-base-5e-05-data,200,3,81.91588687896729,0.6521711728745194,890,entropy,60,3.0
586,src3/319_models/2025-06-09-answerdotai/ModernBERT-base-5e-05-data,200,4,47.40927696228027,0.595041816009558,230,entropy,90,3.0
587,src3/319_models/2025-06-09-answerdotai/ModernBERT-base-5e-05-data,200,5,47.530741453170776,0.7144444444444445,670,gini,60,3.0
588,src3/319_models/2025-06-09-answerdotai/ModernBERT-base-5e-05-data,300,0,56.38374161720276,0.6733283056812468,230,log_loss,90,3.0
589,src3/319_models/2025-06-09-answerdotai/ModernBERT-base-5e-05-data,300,1,84.5622661113739,0.687176879396559,340,log_loss,60,3.0
590,src3/319_models/2025-06-09-answerdotai/ModernBERT-base-5e-05-data,300,2,51.364373207092285,0.7410739074906991,120,log_loss,60,3.0
591,src3/319_models/2025-06-09-answerdotai/ModernBERT-base-5e-05-data,300,3,53.189170122146606,0.6773849607182941,230,gini,60,3.0
592,src3/319_models/2025-06-09-answerdotai/ModernBERT-base-5e-05-data,300,4,68.45744490623474,0.5917241379310345,120,entropy,90,3.0
593,src3/319_models/2025-06-09-answerdotai/ModernBERT-base-5e-05-data,300,5,40.24644422531128,0.6135147392290249,120,entropy,30,3.0
594,src3/319_models/2025-06-09-answerdotai/ModernBERT-base-1e-06-data,100,0,72.13391542434692,0.5422558922558922,890,log_loss,60,1.0
595,src3/319_models/2025-06-09-answerdotai/ModernBERT-base-1e-06-data,100,1,40.80865216255188,0.4815880962314003,670,gini,30,1.0
596,src3/319_models/2025-06-09-answerdotai/ModernBERT-base-1e-06-data,100,2,46.41250920295715,0.6046557617877221,120,log_loss,30,1.0
597,src3/319_models/2025-06-09-answerdotai/ModernBERT-base-1e-06-data,100,3,37.62328147888184,0.5408855472013366,340,log_loss,60,1.0
598,src3/319_models/2025-06-09-answerdotai/ModernBERT-base-1e-06-data,100,4,23.937218189239506,0.6194250194250194,10,log_loss,60,1.0
599,src3/319_models/2025-06-09-answerdotai/ModernBERT-base-1e-06-data,100,5,36.82702660560608,0.6314410851724285,230,log_loss,30,1.0
600,src3/319_models/2025-06-09-answerdotai/ModernBERT-base-1e-06-data,200,0,33.71041512489319,0.5569968553459119,120,log_loss,30,1.0
601,src3/319_models/2025-06-09-answerdotai/ModernBERT-base-1e-06-data,200,1,48.33997201919556,0.68084419154434,450,gini,30,1.0
602,src3/319_models/2025-06-09-answerdotai/ModernBERT-base-1e-06-data,200,2,51.1080105304718,0.6705738705738705,230,gini,60,1.0
603,src3/319_models/2025-06-09-answerdotai/ModernBERT-base-1e-06-data,200,3,62.4818160533905,0.6563253449527959,670,log_loss,60,1.0
604,src3/319_models/2025-06-09-answerdotai/ModernBERT-base-1e-06-data,200,4,76.83603286743164,0.6781975201428089,230,log_loss,60,1.0
605,src3/319_models/2025-06-09-answerdotai/ModernBERT-base-1e-06-data,200,5,40.35671496391296,0.6185328878024713,230,log_loss,30,1.0
606,src3/319_models/2025-06-09-answerdotai/ModernBERT-base-1e-06-data,300,0,60.29958748817444,0.6204071343039012,670,log_loss,90,1.0
607,src3/319_models/2025-06-09-answerdotai/ModernBERT-base-1e-06-data,300,1,42.34833073616028,0.7579796382905531,230,gini,30,1.0
608,src3/319_models/2025-06-09-answerdotai/ModernBERT-base-1e-06-data,300,2,52.93583822250366,0.5804033365008975,120,log_loss,60,1.0
609,src3/319_models/2025-06-09-answerdotai/ModernBERT-base-1e-06-data,300,3,80.54246926307678,0.6752587881999647,340,gini,90,1.0
610,src3/319_models/2025-06-09-answerdotai/ModernBERT-base-1e-06-data,300,4,129.68929171562195,0.7157322903085616,120,gini,30,1.0
611,src3/319_models/2025-06-09-answerdotai/ModernBERT-base-1e-06-data,300,5,107.95155453681946,0.720117524083962,780,entropy,90,1.0
612,src3/319_models/2025-06-09-answerdotai/ModernBERT-base-1e-06-data,100,0,40.70289731025696,0.4640656501121618,230,entropy,90,2.0
613,src3/319_models/2025-06-09-answerdotai/ModernBERT-base-1e-06-data,100,1,20.64219903945923,0.5185703185703185,10,log_loss,30,2.0
614,src3/319_models/2025-06-09-answerdotai/ModernBERT-base-1e-06-data,100,2,57.82180094718933,0.5292362982929021,780,entropy,60,2.0
615,src3/319_models/2025-06-09-answerdotai/ModernBERT-base-1e-06-data,100,3,44.64159536361694,0.677189127941522,10,gini,90,2.0
616,src3/319_models/2025-06-09-answerdotai/ModernBERT-base-1e-06-data,100,4,48.49205160140991,0.4809523809523809,340,log_loss,60,2.0
617,src3/319_models/2025-06-09-answerdotai/ModernBERT-base-1e-06-data,100,5,42.61674618721008,0.7343406707291796,120,entropy,60,2.0
618,src3/319_models/2025-06-09-answerdotai/ModernBERT-base-1e-06-data,200,0,54.700035572052,0.5623555011559908,450,gini,30,2.0
619,src3/319_models/2025-06-09-answerdotai/ModernBERT-base-1e-06-data,200,1,59.72354698181152,0.5425925925925926,560,entropy,90,2.0
620,src3/319_models/2025-06-09-answerdotai/ModernBERT-base-1e-06-data,200,2,86.17542219161987,0.68009768009768,230,entropy,30,2.0
621,src3/319_models/2025-06-09-answerdotai/ModernBERT-base-1e-06-data,200,3,49.57729768753052,0.6175842131724485,230,gini,60,2.0
622,src3/319_models/2025-06-09-answerdotai/ModernBERT-base-1e-06-data,200,4,65.07644248008728,0.6759754738015608,780,gini,30,2.0
623,src3/319_models/2025-06-09-answerdotai/ModernBERT-base-1e-06-data,200,5,33.99238038063049,0.6283333333333333,10,log_loss,30,2.0
624,src3/319_models/2025-06-09-answerdotai/ModernBERT-base-1e-06-data,300,0,58.87814736366272,0.6380928474807904,230,gini,90,2.0
625,src3/319_models/2025-06-09-answerdotai/ModernBERT-base-1e-06-data,300,1,53.35487937927246,0.6196881091617934,120,log_loss,30,2.0
626,src3/319_models/2025-06-09-answerdotai/ModernBERT-base-1e-06-data,300,2,43.218291997909546,0.6253966692086296,230,entropy,30,2.0
627,src3/319_models/2025-06-09-answerdotai/ModernBERT-base-1e-06-data,300,3,50.816349029541016,0.6194301994301994,340,log_loss,30,2.0
628,src3/319_models/2025-06-09-answerdotai/ModernBERT-base-1e-06-data,300,4,86.01573038101196,0.760183227625088,780,entropy,90,2.0
629,src3/319_models/2025-06-09-answerdotai/ModernBERT-base-1e-06-data,300,5,65.91557288169861,0.7302036199095022,670,gini,30,2.0
630,src3/319_models/2025-06-09-answerdotai/ModernBERT-base-1e-06-data,100,0,47.31028437614441,0.4888888888888889,230,log_loss,60,3.0
631,src3/319_models/2025-06-09-answerdotai/ModernBERT-base-1e-06-data,100,1,24.13102006912231,0.5413315188776296,670,log_loss,90,3.0
632,src3/319_models/2025-06-09-answerdotai/ModernBERT-base-1e-06-data,100,2,26.49417304992676,0.6026936026936026,10,entropy,90,3.0
633,src3/319_models/2025-06-09-answerdotai/ModernBERT-base-1e-06-data,100,3,29.871850728988647,0.591007060572278,340,gini,60,3.0
634,src3/319_models/2025-06-09-answerdotai/ModernBERT-base-1e-06-data,100,4,36.32773733139038,0.5477633477633478,120,gini,60,3.0
635,src3/319_models/2025-06-09-answerdotai/ModernBERT-base-1e-06-data,100,5,24.91949868202209,0.5731488312133474,120,log_loss,30,3.0
636,src3/319_models/2025-06-09-answerdotai/ModernBERT-base-1e-06-data,200,0,50.21057200431824,0.6910675381263616,120,entropy,60,3.0
637,src3/319_models/2025-06-09-answerdotai/ModernBERT-base-1e-06-data,200,1,40.45372414588928,0.6413320883909118,340,log_loss,60,3.0
638,src3/319_models/2025-06-09-answerdotai/ModernBERT-base-1e-06-data,200,2,70.13657784461975,0.6145165196332815,670,gini,30,3.0
639,src3/319_models/2025-06-09-answerdotai/ModernBERT-base-1e-06-data,200,3,38.47737216949463,0.6465900383141763,670,entropy,60,3.0
640,src3/319_models/2025-06-09-answerdotai/ModernBERT-base-1e-06-data,200,4,29.455926656723022,0.6783324047515872,560,gini,30,3.0
641,src3/319_models/2025-06-09-answerdotai/ModernBERT-base-1e-06-data,200,5,56.31406092643738,0.5740740740740741,670,gini,90,3.0
642,src3/319_models/2025-06-09-answerdotai/ModernBERT-base-1e-06-data,300,0,55.75387454032898,0.7055470240588209,120,entropy,60,3.0
643,src3/319_models/2025-06-09-answerdotai/ModernBERT-base-1e-06-data,300,1,49.79859924316406,0.6438504542278127,670,gini,30,3.0
644,src3/319_models/2025-06-09-answerdotai/ModernBERT-base-1e-06-data,300,2,62.70743942260742,0.6468707572373319,780,log_loss,30,3.0
645,src3/319_models/2025-06-09-answerdotai/ModernBERT-base-1e-06-data,300,3,50.532747983932495,0.8145202020202019,120,gini,30,3.0
646,src3/319_models/2025-06-09-answerdotai/ModernBERT-base-1e-06-data,300,4,68.20789289474487,0.6455320568795746,670,gini,60,3.0
647,src3/319_models/2025-06-09-answerdotai/ModernBERT-base-1e-06-data,300,5,38.219160079956055,0.6695526695526696,340,gini,30,3.0
648,src3/319_models/2025-06-09-FacebookAI/roberta-base-1e-04-data,100,0,49.779359579086304,0.6742519534972365,230,gini,30,1.0
649,src3/319_models/2025-06-09-FacebookAI/roberta-base-1e-04-data,100,1,28.00302219390869,0.7114463601532567,560,gini,60,1.0
650,src3/319_models/2025-06-09-FacebookAI/roberta-base-1e-04-data,100,2,24.74438166618347,0.6979717813051146,340,entropy,90,1.0
651,src3/319_models/2025-06-09-FacebookAI/roberta-base-1e-04-data,100,3,49.19318103790283,0.6233333333333334,120,gini,60,1.0
652,src3/319_models/2025-06-09-FacebookAI/roberta-base-1e-04-data,100,4,37.45604729652405,0.6075490510273119,10,log_loss,90,1.0
653,src3/319_models/2025-06-09-FacebookAI/roberta-base-1e-04-data,100,5,19.83675765991211,0.6408442604094778,10,log_loss,60,1.0
654,src3/319_models/2025-06-09-FacebookAI/roberta-base-1e-04-data,200,0,70.23919630050659,0.7151404606944963,120,log_loss,30,1.0
655,src3/319_models/2025-06-09-FacebookAI/roberta-base-1e-04-data,200,1,31.79950499534607,0.7861879698037889,560,log_loss,60,1.0
656,src3/319_models/2025-06-09-FacebookAI/roberta-base-1e-04-data,200,2,52.59820222854614,0.7795042545320015,560,gini,30,1.0
657,src3/319_models/2025-06-09-FacebookAI/roberta-base-1e-04-data,200,3,56.13735318183899,0.6163252728717624,450,gini,90,1.0
658,src3/319_models/2025-06-09-FacebookAI/roberta-base-1e-04-data,200,4,59.77092432975769,0.6702291172879408,120,log_loss,90,1.0
659,src3/319_models/2025-06-09-FacebookAI/roberta-base-1e-04-data,200,5,36.52184844017029,0.5687084552228252,120,entropy,90,1.0
660,src3/319_models/2025-06-09-FacebookAI/roberta-base-1e-04-data,300,0,84.89358925819397,0.5685185185185185,780,log_loss,60,1.0
661,src3/319_models/2025-06-09-FacebookAI/roberta-base-1e-04-data,300,1,36.43394207954407,0.7665087600571471,120,log_loss,90,1.0
662,src3/319_models/2025-06-09-FacebookAI/roberta-base-1e-04-data,300,2,49.62908029556274,0.7425796425796426,670,log_loss,30,1.0
663,src3/319_models/2025-06-09-FacebookAI/roberta-base-1e-04-data,300,3,79.47979307174683,0.6824892920131015,780,entropy,60,1.0
664,src3/319_models/2025-06-09-FacebookAI/roberta-base-1e-04-data,300,4,42.19115424156189,0.7438888888888888,340,log_loss,60,1.0
665,src3/319_models/2025-06-09-FacebookAI/roberta-base-1e-04-data,300,5,33.82647752761841,0.7944444444444446,120,entropy,30,1.0
666,src3/319_models/2025-06-09-FacebookAI/roberta-base-1e-04-data,100,0,37.94129204750061,0.7239618406285073,120,log_loss,90,2.0
667,src3/319_models/2025-06-09-FacebookAI/roberta-base-1e-04-data,100,1,23.53255319595337,0.5936671099990232,120,gini,30,2.0
668,src3/319_models/2025-06-09-FacebookAI/roberta-base-1e-04-data,100,2,30.308635473251343,0.6590881177889999,120,gini,90,2.0
669,src3/319_models/2025-06-09-FacebookAI/roberta-base-1e-04-data,100,3,26.301698684692383,0.5896464646464646,780,gini,90,2.0
670,src3/319_models/2025-06-09-FacebookAI/roberta-base-1e-04-data,100,4,43.19194841384888,0.721913753699749,340,gini,60,2.0
671,src3/319_models/2025-06-09-FacebookAI/roberta-base-1e-04-data,100,5,36.14433813095093,0.5554388422035481,10,entropy,30,2.0
672,src3/319_models/2025-06-09-FacebookAI/roberta-base-1e-04-data,200,0,52.73391270637512,0.6475155279503105,560,gini,90,2.0
673,src3/319_models/2025-06-09-FacebookAI/roberta-base-1e-04-data,200,1,46.57294797897339,0.6682539682539682,450,gini,60,2.0
674,src3/319_models/2025-06-09-FacebookAI/roberta-base-1e-04-data,200,2,78.83942341804504,0.7003401360544217,120,log_loss,30,2.0
675,src3/319_models/2025-06-09-FacebookAI/roberta-base-1e-04-data,200,3,31.562340259552,0.6602759622367466,10,gini,90,2.0
676,src3/319_models/2025-06-09-FacebookAI/roberta-base-1e-04-data,200,4,53.981849908828735,0.6472129937246217,120,entropy,30,2.0
677,src3/319_models/2025-06-09-FacebookAI/roberta-base-1e-04-data,200,5,53.73100590705872,0.6307637781321992,230,log_loss,90,2.0
678,src3/319_models/2025-06-09-FacebookAI/roberta-base-1e-04-data,300,0,74.8501627445221,0.7851645708788565,670,log_loss,90,2.0
679,src3/319_models/2025-06-09-FacebookAI/roberta-base-1e-04-data,300,1,99.91831398010254,0.8034677850236772,120,entropy,90,2.0
680,src3/319_models/2025-06-09-FacebookAI/roberta-base-1e-04-data,300,2,34.043248653411865,0.6233660130718954,780,log_loss,90,2.0
681,src3/319_models/2025-06-09-FacebookAI/roberta-base-1e-04-data,300,3,36.30676031112671,0.6703518286747322,120,log_loss,60,2.0
682,src3/319_models/2025-06-09-FacebookAI/roberta-base-1e-04-data,300,4,60.67015719413757,0.7065010351966873,230,entropy,60,2.0
683,src3/319_models/2025-06-09-FacebookAI/roberta-base-1e-04-data,300,5,40.03797650337219,0.6589769879243563,120,entropy,60,2.0
684,src3/319_models/2025-06-09-FacebookAI/roberta-base-1e-04-data,100,0,27.090030193328857,0.6203072677402527,340,gini,30,3.0
685,src3/319_models/2025-06-09-FacebookAI/roberta-base-1e-04-data,100,1,59.383731842041016,0.5165945165945165,560,gini,90,3.0
686,src3/319_models/2025-06-09-FacebookAI/roberta-base-1e-04-data,100,2,38.79975700378418,0.7219733421824014,450,entropy,90,3.0
687,src3/319_models/2025-06-09-FacebookAI/roberta-base-1e-04-data,100,3,61.55512070655823,0.5823639774859287,10,entropy,30,3.0
688,src3/319_models/2025-06-09-FacebookAI/roberta-base-1e-04-data,100,4,48.05397868156433,0.7470112061763604,560,entropy,60,3.0
689,src3/319_models/2025-06-09-FacebookAI/roberta-base-1e-04-data,100,5,21.632296085357662,0.6398838053740015,10,gini,90,3.0
690,src3/319_models/2025-06-09-FacebookAI/roberta-base-1e-04-data,200,0,24.721165657043457,0.6656251070682153,120,entropy,60,3.0
691,src3/319_models/2025-06-09-FacebookAI/roberta-base-1e-04-data,200,1,67.20239090919495,0.5515469215746737,10,gini,90,3.0
692,src3/319_models/2025-06-09-FacebookAI/roberta-base-1e-04-data,200,2,58.9575777053833,0.7035750035750037,230,gini,90,3.0
693,src3/319_models/2025-06-09-FacebookAI/roberta-base-1e-04-data,200,3,47.11462640762329,0.7201717566459207,10,gini,30,3.0
694,src3/319_models/2025-06-09-FacebookAI/roberta-base-1e-04-data,200,4,48.45890665054321,0.6938095238095238,340,log_loss,30,3.0
695,src3/319_models/2025-06-09-FacebookAI/roberta-base-1e-04-data,200,5,34.78065824508667,0.6605908584169454,450,log_loss,60,3.0
696,src3/319_models/2025-06-09-FacebookAI/roberta-base-1e-04-data,300,0,81.11593914031982,0.8476039464411557,670,entropy,30,3.0
697,src3/319_models/2025-06-09-FacebookAI/roberta-base-1e-04-data,300,1,61.11425566673279,0.7114827201783723,890,log_loss,30,3.0
698,src3/319_models/2025-06-09-FacebookAI/roberta-base-1e-04-data,300,2,71.54194760322571,0.6722599296128707,340,gini,90,3.0
699,src3/319_models/2025-06-09-FacebookAI/roberta-base-1e-04-data,300,3,44.17472434043884,0.6503578293051976,450,entropy,90,3.0
700,src3/319_models/2025-06-09-FacebookAI/roberta-base-1e-04-data,300,4,42.61348795890808,0.7585384427489691,780,entropy,30,3.0
701,src3/319_models/2025-06-09-FacebookAI/roberta-base-1e-04-data,300,5,29.50611567497253,0.5992825976005118,10,gini,60,3.0
702,src3/319_models/2025-06-09-FacebookAI/roberta-base-1e-05-data,100,0,41.242039918899536,0.6758524615667473,10,entropy,90,1.0
703,src3/319_models/2025-06-09-FacebookAI/roberta-base-1e-05-data,100,1,28.22280478477478,0.6714718407688278,340,gini,30,1.0
704,src3/319_models/2025-06-09-FacebookAI/roberta-base-1e-05-data,100,2,36.40630602836609,0.7001907621102669,780,gini,60,1.0
705,src3/319_models/2025-06-09-FacebookAI/roberta-base-1e-05-data,100,3,33.55328178405762,0.6184360612932042,10,gini,60,1.0
706,src3/319_models/2025-06-09-FacebookAI/roberta-base-1e-05-data,100,4,56.17614006996155,0.5896290843659264,230,log_loss,30,1.0
707,src3/319_models/2025-06-09-FacebookAI/roberta-base-1e-05-data,100,5,33.54013180732727,0.6548357303074285,10,entropy,30,1.0
708,src3/319_models/2025-06-09-FacebookAI/roberta-base-1e-05-data,200,0,70.27441310882568,0.600201106083459,890,gini,90,1.0
709,src3/319_models/2025-06-09-FacebookAI/roberta-base-1e-05-data,200,1,35.21476912498474,0.7251190476190477,230,gini,90,1.0
710,src3/319_models/2025-06-09-FacebookAI/roberta-base-1e-05-data,200,2,61.91130423545837,0.7000573106956086,230,gini,90,1.0
711,src3/319_models/2025-06-09-FacebookAI/roberta-base-1e-05-data,200,3,49.31535625457764,0.7130546966478057,890,log_loss,60,1.0
712,src3/319_models/2025-06-09-FacebookAI/roberta-base-1e-05-data,200,4,55.5640594959259,0.612711217551452,10,entropy,60,1.0
713,src3/319_models/2025-06-09-FacebookAI/roberta-base-1e-05-data,200,5,76.57686972618103,0.6610644257703081,340,entropy,90,1.0
714,src3/319_models/2025-06-09-FacebookAI/roberta-base-1e-05-data,300,0,42.06884860992432,0.6406238084343782,340,gini,30,1.0
715,src3/319_models/2025-06-09-FacebookAI/roberta-base-1e-05-data,300,1,78.76339483261108,0.846266645824494,450,gini,30,1.0
716,src3/319_models/2025-06-09-FacebookAI/roberta-base-1e-05-data,300,2,55.25206112861633,0.6486630170840697,340,entropy,60,1.0
717,src3/319_models/2025-06-09-FacebookAI/roberta-base-1e-05-data,300,3,32.63220548629761,0.588078588078588,120,gini,60,1.0
718,src3/319_models/2025-06-09-FacebookAI/roberta-base-1e-05-data,300,4,33.32926082611084,0.6524424607200018,230,entropy,30,1.0
719,src3/319_models/2025-06-09-FacebookAI/roberta-base-1e-05-data,300,5,39.55168700218201,0.6972222222222223,10,log_loss,60,1.0
720,src3/319_models/2025-06-09-FacebookAI/roberta-base-1e-05-data,100,0,42.322348833084106,0.8251237067026541,560,entropy,60,2.0
721,src3/319_models/2025-06-09-FacebookAI/roberta-base-1e-05-data,100,1,34.14048981666565,0.7423465423465424,340,gini,30,2.0
722,src3/319_models/2025-06-09-FacebookAI/roberta-base-1e-05-data,100,2,18.022148609161377,0.6606771606771606,450,gini,90,2.0
723,src3/319_models/2025-06-09-FacebookAI/roberta-base-1e-05-data,100,3,18.09232974052429,0.5904192185348717,10,log_loss,30,2.0
724,src3/319_models/2025-06-09-FacebookAI/roberta-base-1e-05-data,100,4,35.68916463851929,0.6561315496098105,120,entropy,90,2.0
725,src3/319_models/2025-06-09-FacebookAI/roberta-base-1e-05-data,100,5,36.51393246650696,0.7186230117264599,120,log_loss,60,2.0
726,src3/319_models/2025-06-09-FacebookAI/roberta-base-1e-05-data,200,0,67.51278781890869,0.6355735276566767,450,entropy,60,2.0
727,src3/319_models/2025-06-09-FacebookAI/roberta-base-1e-05-data,200,1,52.659289598464966,0.7675148699538944,450,gini,30,2.0
728,src3/319_models/2025-06-09-FacebookAI/roberta-base-1e-05-data,200,2,62.92678642272949,0.7158018867924528,340,log_loss,90,2.0
729,src3/319_models/2025-06-09-FacebookAI/roberta-base-1e-05-data,200,3,48.62418603897095,0.7085218702865762,120,entropy,90,2.0
730,src3/319_models/2025-06-09-FacebookAI/roberta-base-1e-05-data,200,4,31.864917278289795,0.6291486291486291,120,log_loss,60,2.0
731,src3/319_models/2025-06-09-FacebookAI/roberta-base-1e-05-data,200,5,65.9013729095459,0.6263927793339558,10,gini,30,2.0
732,src3/319_models/2025-06-09-FacebookAI/roberta-base-1e-05-data,300,0,44.365264654159546,0.75558640611963,560,gini,90,2.0
733,src3/319_models/2025-06-09-FacebookAI/roberta-base-1e-05-data,300,1,58.32198333740234,0.7931701460681652,560,gini,60,2.0
734,src3/319_models/2025-06-09-FacebookAI/roberta-base-1e-05-data,300,2,43.8210825920105,0.8321859114015977,120,log_loss,60,2.0
735,src3/319_models/2025-06-09-FacebookAI/roberta-base-1e-05-data,300,3,56.84594082832336,0.7086419753086419,120,entropy,60,2.0
736,src3/319_models/2025-06-09-FacebookAI/roberta-base-1e-05-data,300,4,39.610267877578735,0.6834381551362684,10,entropy,60,2.0
737,src3/319_models/2025-06-09-FacebookAI/roberta-base-1e-05-data,300,5,42.501559019088745,0.6427339598071306,120,entropy,90,2.0
738,src3/319_models/2025-06-09-FacebookAI/roberta-base-1e-05-data,100,0,53.49022173881531,0.628735632183908,780,gini,30,3.0
739,src3/319_models/2025-06-09-FacebookAI/roberta-base-1e-05-data,100,1,53.56556940078735,0.6549398673710239,780,log_loss,60,3.0
740,src3/319_models/2025-06-09-FacebookAI/roberta-base-1e-05-data,100,2,25.20278525352478,0.7071805006587616,120,entropy,30,3.0
741,src3/319_models/2025-06-09-FacebookAI/roberta-base-1e-05-data,100,3,32.75563669204712,0.7085196703820572,120,entropy,90,3.0
742,src3/319_models/2025-06-09-FacebookAI/roberta-base-1e-05-data,100,4,26.492255449295044,0.5272010889032166,120,log_loss,90,3.0
743,src3/319_models/2025-06-09-FacebookAI/roberta-base-1e-05-data,100,5,32.75759172439575,0.6811877419874257,120,gini,90,3.0
744,src3/319_models/2025-06-09-FacebookAI/roberta-base-1e-05-data,200,0,55.21699929237366,0.5705996803557779,780,entropy,60,3.0
745,src3/319_models/2025-06-09-FacebookAI/roberta-base-1e-05-data,200,1,45.52833342552185,0.6779588306521362,670,gini,30,3.0
746,src3/319_models/2025-06-09-FacebookAI/roberta-base-1e-05-data,200,2,37.6179506778717,0.7098816029143897,340,entropy,60,3.0
747,src3/319_models/2025-06-09-FacebookAI/roberta-base-1e-05-data,200,3,37.82706785202026,0.7662533692722372,780,log_loss,30,3.0
748,src3/319_models/2025-06-09-FacebookAI/roberta-base-1e-05-data,200,4,70.37905788421631,0.6986208691126724,780,log_loss,60,3.0
749,src3/319_models/2025-06-09-FacebookAI/roberta-base-1e-05-data,200,5,53.820350646972656,0.6824139341137657,340,gini,30,3.0
750,src3/319_models/2025-06-09-FacebookAI/roberta-base-1e-05-data,300,0,68.03824996948242,0.7572546330095942,450,gini,60,3.0
751,src3/319_models/2025-06-09-FacebookAI/roberta-base-1e-05-data,300,1,33.171600580215454,0.8023809523809525,120,gini,30,3.0
752,src3/319_models/2025-06-09-FacebookAI/roberta-base-1e-05-data,300,2,97.16329050064088,0.6589551428261106,230,log_loss,30,3.0
753,src3/319_models/2025-06-09-FacebookAI/roberta-base-1e-05-data,300,3,32.094855546951294,0.6799147942005085,10,entropy,60,3.0
754,src3/319_models/2025-06-09-FacebookAI/roberta-base-1e-05-data,300,4,39.21934652328491,0.6104567101791895,450,gini,30,3.0
755,src3/319_models/2025-06-09-FacebookAI/roberta-base-1e-05-data,300,5,33.57895922660828,0.6419720557129159,560,log_loss,30,3.0
756,src3/319_models/2025-06-09-FacebookAI/roberta-base-5e-05-data,100,0,39.798611640930176,0.6215860128903608,120,entropy,60,1.0
757,src3/319_models/2025-06-09-FacebookAI/roberta-base-5e-05-data,100,1,35.125664710998535,0.688535575048733,450,gini,30,1.0
758,src3/319_models/2025-06-09-FacebookAI/roberta-base-5e-05-data,100,2,34.79959511756897,0.6514417785604226,120,log_loss,30,1.0
759,src3/319_models/2025-06-09-FacebookAI/roberta-base-5e-05-data,100,3,33.247967004776,0.5487329434697855,340,entropy,90,1.0
760,src3/319_models/2025-06-09-FacebookAI/roberta-base-5e-05-data,100,4,42.830899477005005,0.7081447963800905,230,log_loss,60,1.0
761,src3/319_models/2025-06-09-FacebookAI/roberta-base-5e-05-data,100,5,47.672563314437866,0.6704429920116194,120,gini,90,1.0
762,src3/319_models/2025-06-09-FacebookAI/roberta-base-5e-05-data,200,0,32.36119890213013,0.683998283998284,10,gini,90,1.0
763,src3/319_models/2025-06-09-FacebookAI/roberta-base-5e-05-data,200,1,34.25374102592468,0.61272859312075,450,entropy,60,1.0
764,src3/319_models/2025-06-09-FacebookAI/roberta-base-5e-05-data,200,2,58.20140933990479,0.7187286397812714,450,log_loss,60,1.0
765,src3/319_models/2025-06-09-FacebookAI/roberta-base-5e-05-data,200,3,48.94943904876709,0.6987441130298273,230,gini,90,1.0
766,src3/319_models/2025-06-09-FacebookAI/roberta-base-5e-05-data,200,4,30.01873517036438,0.6203796203796204,340,gini,30,1.0
767,src3/319_models/2025-06-09-FacebookAI/roberta-base-5e-05-data,200,5,63.33941340446472,0.645601357870791,10,log_loss,30,1.0
768,src3/319_models/2025-06-09-FacebookAI/roberta-base-5e-05-data,300,0,87.44644284248352,0.7033731188375714,340,gini,60,1.0
769,src3/319_models/2025-06-09-FacebookAI/roberta-base-5e-05-data,300,1,49.62014579772949,0.6571572218631042,780,entropy,30,1.0
770,src3/319_models/2025-06-09-FacebookAI/roberta-base-5e-05-data,300,2,88.17107701301575,0.7956778671064385,780,log_loss,90,1.0
771,src3/319_models/2025-06-09-FacebookAI/roberta-base-5e-05-data,300,3,83.81856989860535,0.6889632107023411,670,entropy,30,1.0
772,src3/319_models/2025-06-09-FacebookAI/roberta-base-5e-05-data,300,4,77.89593958854675,0.6465122453043074,560,entropy,90,1.0
773,src3/319_models/2025-06-09-FacebookAI/roberta-base-5e-05-data,300,5,54.06238746643066,0.77437106918239,340,entropy,60,1.0
774,src3/319_models/2025-06-09-FacebookAI/roberta-base-5e-05-data,100,0,37.257251501083374,0.5228438228438228,450,gini,60,2.0
775,src3/319_models/2025-06-09-FacebookAI/roberta-base-5e-05-data,100,1,45.83935880661011,0.7480418217260323,230,log_loss,30,2.0
776,src3/319_models/2025-06-09-FacebookAI/roberta-base-5e-05-data,100,2,48.73748826980591,0.5410240192023873,230,entropy,30,2.0
777,src3/319_models/2025-06-09-FacebookAI/roberta-base-5e-05-data,100,3,65.8803391456604,0.6139083155500152,450,log_loss,60,2.0
778,src3/319_models/2025-06-09-FacebookAI/roberta-base-5e-05-data,100,4,39.30710434913635,0.6909490845571585,120,log_loss,30,2.0
779,src3/319_models/2025-06-09-FacebookAI/roberta-base-5e-05-data,100,5,33.06204128265381,0.6411830725556216,780,entropy,30,2.0
780,src3/319_models/2025-06-09-FacebookAI/roberta-base-5e-05-data,200,0,79.49674439430237,0.7587205094803879,450,entropy,90,2.0
781,src3/319_models/2025-06-09-FacebookAI/roberta-base-5e-05-data,200,1,68.6640362739563,0.6486366904485371,10,log_loss,30,2.0
782,src3/319_models/2025-06-09-FacebookAI/roberta-base-5e-05-data,200,2,43.69338631629944,0.7231005396508886,120,entropy,30,2.0
783,src3/319_models/2025-06-09-FacebookAI/roberta-base-5e-05-data,200,3,33.678810834884644,0.6514081234315457,230,entropy,90,2.0
784,src3/319_models/2025-06-09-FacebookAI/roberta-base-5e-05-data,200,4,80.01101732254028,0.6547619047619048,560,entropy,30,2.0
785,src3/319_models/2025-06-09-FacebookAI/roberta-base-5e-05-data,200,5,92.3610134124756,0.7049000644745326,780,log_loss,30,2.0
786,src3/319_models/2025-06-09-FacebookAI/roberta-base-5e-05-data,300,0,49.96716976165772,0.7091714634571776,340,log_loss,90,2.0
787,src3/319_models/2025-06-09-FacebookAI/roberta-base-5e-05-data,300,1,34.8628716468811,0.760885659920429,120,entropy,90,2.0
788,src3/319_models/2025-06-09-FacebookAI/roberta-base-5e-05-data,300,2,65.85369539260864,0.7191358024691358,230,log_loss,30,2.0
789,src3/319_models/2025-06-09-FacebookAI/roberta-base-5e-05-data,300,3,38.70537519454956,0.6052631578947368,120,entropy,90,2.0
790,src3/319_models/2025-06-09-FacebookAI/roberta-base-5e-05-data,300,4,82.83601522445679,0.7542091271599469,670,gini,60,2.0
791,src3/319_models/2025-06-09-FacebookAI/roberta-base-5e-05-data,300,5,45.27952980995178,0.5882142857142857,230,entropy,60,2.0
792,src3/319_models/2025-06-09-FacebookAI/roberta-base-5e-05-data,100,0,37.23641061782837,0.8399626517273576,450,gini,30,3.0
793,src3/319_models/2025-06-09-FacebookAI/roberta-base-5e-05-data,100,1,73.86621189117432,0.7348539415766308,670,log_loss,60,3.0
794,src3/319_models/2025-06-09-FacebookAI/roberta-base-5e-05-data,100,2,62.16086554527283,0.7597544068132303,780,gini,60,3.0
795,src3/319_models/2025-06-09-FacebookAI/roberta-base-5e-05-data,100,3,36.42356491088867,0.56883014542589,230,gini,60,3.0
796,src3/319_models/2025-06-09-FacebookAI/roberta-base-5e-05-data,100,4,27.159798622131348,0.6958183990442056,10,entropy,30,3.0
797,src3/319_models/2025-06-09-FacebookAI/roberta-base-5e-05-data,100,5,28.33060097694397,0.6861540315050751,10,gini,90,3.0
798,src3/319_models/2025-06-09-FacebookAI/roberta-base-5e-05-data,200,0,86.67708706855774,0.796423065063213,230,entropy,60,3.0
799,src3/319_models/2025-06-09-FacebookAI/roberta-base-5e-05-data,200,1,83.4029598236084,0.7992614748347551,890,log_loss,60,3.0
800,src3/319_models/2025-06-09-FacebookAI/roberta-base-5e-05-data,200,2,67.5413887500763,0.6309523809523809,890,entropy,30,3.0
801,src3/319_models/2025-06-09-FacebookAI/roberta-base-5e-05-data,200,3,31.11640429496765,0.6342592592592592,10,entropy,90,3.0
802,src3/319_models/2025-06-09-FacebookAI/roberta-base-5e-05-data,200,4,94.82677030563354,0.7458874458874459,230,entropy,60,3.0
803,src3/319_models/2025-06-09-FacebookAI/roberta-base-5e-05-data,200,5,37.664430379867554,0.6261716033931303,560,log_loss,90,3.0
804,src3/319_models/2025-06-09-FacebookAI/roberta-base-5e-05-data,300,0,46.20730376243591,0.7168576104746318,340,entropy,90,3.0
805,src3/319_models/2025-06-09-FacebookAI/roberta-base-5e-05-data,300,1,49.11148500442505,0.635989678202793,890,entropy,60,3.0
806,src3/319_models/2025-06-09-FacebookAI/roberta-base-5e-05-data,300,2,71.3031325340271,0.6173342527006415,560,log_loss,60,3.0
807,src3/319_models/2025-06-09-FacebookAI/roberta-base-5e-05-data,300,3,33.908161878585815,0.5995243625905647,10,log_loss,60,3.0
808,src3/319_models/2025-06-09-FacebookAI/roberta-base-5e-05-data,300,4,42.31976222991944,0.7817562599171795,670,log_loss,60,3.0
809,src3/319_models/2025-06-09-FacebookAI/roberta-base-5e-05-data,300,5,59.4235987663269,0.702463054187192,780,entropy,30,3.0
810,src3/319_models/2025-06-09-FacebookAI/roberta-base-1e-06-data,100,0,89.5614264011383,0.609102911541936,670,entropy,90,1.0
811,src3/319_models/2025-06-09-FacebookAI/roberta-base-1e-06-data,100,1,25.931865692138672,0.7579104435984325,120,log_loss,90,1.0
812,src3/319_models/2025-06-09-FacebookAI/roberta-base-1e-06-data,100,2,39.74946880340576,0.7415476190476191,780,entropy,60,1.0
813,src3/319_models/2025-06-09-FacebookAI/roberta-base-1e-06-data,100,3,43.75965714454651,0.7169590643274854,120,gini,90,1.0
814,src3/319_models/2025-06-09-FacebookAI/roberta-base-1e-06-data,100,4,22.58535122871399,0.7628205128205128,10,log_loss,90,1.0
815,src3/319_models/2025-06-09-FacebookAI/roberta-base-1e-06-data,100,5,62.8525288105011,0.7139573070607553,340,gini,60,1.0
816,src3/319_models/2025-06-09-FacebookAI/roberta-base-1e-06-data,200,0,40.99130582809448,0.7018985371926548,340,gini,90,1.0
817,src3/319_models/2025-06-09-FacebookAI/roberta-base-1e-06-data,200,1,91.48068475723268,0.7726162726162725,670,log_loss,60,1.0
818,src3/319_models/2025-06-09-FacebookAI/roberta-base-1e-06-data,200,2,51.15089225769043,0.719143438341855,120,log_loss,90,1.0
819,src3/319_models/2025-06-09-FacebookAI/roberta-base-1e-06-data,200,3,38.00704455375672,0.6130533099258039,450,log_loss,30,1.0
820,src3/319_models/2025-06-09-FacebookAI/roberta-base-1e-06-data,200,4,53.34915900230408,0.8275510204081633,890,gini,60,1.0
821,src3/319_models/2025-06-09-FacebookAI/roberta-base-1e-06-data,200,5,50.28116583824158,0.7990459153249851,230,gini,90,1.0
822,src3/319_models/2025-06-09-FacebookAI/roberta-base-1e-06-data,300,0,60.26453328132629,0.6646589234933361,450,log_loss,60,1.0
823,src3/319_models/2025-06-09-FacebookAI/roberta-base-1e-06-data,300,1,64.55886602401733,0.7718702865761689,890,gini,60,1.0
824,src3/319_models/2025-06-09-FacebookAI/roberta-base-1e-06-data,300,2,65.43260622024536,0.7925635834043763,670,entropy,30,1.0
825,src3/319_models/2025-06-09-FacebookAI/roberta-base-1e-06-data,300,3,80.5212938785553,0.8443229475440792,340,log_loss,90,1.0
826,src3/319_models/2025-06-09-FacebookAI/roberta-base-1e-06-data,300,4,49.89474606513977,0.7855477855477856,120,entropy,90,1.0
827,src3/319_models/2025-06-09-FacebookAI/roberta-base-1e-06-data,300,5,34.93439292907715,0.7819098009574201,230,log_loss,60,1.0
828,src3/319_models/2025-06-09-FacebookAI/roberta-base-1e-06-data,100,0,17.993208408355713,0.6708152958152959,120,log_loss,90,2.0
829,src3/319_models/2025-06-09-FacebookAI/roberta-base-1e-06-data,100,1,26.49953603744507,0.7632446918161203,230,log_loss,30,2.0
830,src3/319_models/2025-06-09-FacebookAI/roberta-base-1e-06-data,100,2,30.996963024139404,0.7131945744009869,120,log_loss,90,2.0
831,src3/319_models/2025-06-09-FacebookAI/roberta-base-1e-06-data,100,3,64.09254169464111,0.7465834818775995,120,entropy,60,2.0
832,src3/319_models/2025-06-09-FacebookAI/roberta-base-1e-06-data,100,4,19.568012237548828,0.7040428498055618,120,log_loss,60,2.0
833,src3/319_models/2025-06-09-FacebookAI/roberta-base-1e-06-data,100,5,64.33838653564453,0.69917508113956,340,gini,90,2.0
834,src3/319_models/2025-06-09-FacebookAI/roberta-base-1e-06-data,200,0,57.69762182235718,0.6892437791460876,780,entropy,90,2.0
835,src3/319_models/2025-06-09-FacebookAI/roberta-base-1e-06-data,200,1,39.32781600952149,0.7310490675966191,450,log_loss,90,2.0
836,src3/319_models/2025-06-09-FacebookAI/roberta-base-1e-06-data,200,2,44.09518551826477,0.7787261655186183,230,entropy,90,2.0
837,src3/319_models/2025-06-09-FacebookAI/roberta-base-1e-06-data,200,3,38.44060015678406,0.7958807864468241,670,entropy,90,2.0
838,src3/319_models/2025-06-09-FacebookAI/roberta-base-1e-06-data,200,4,35.11461091041565,0.7170940170940171,120,gini,60,2.0
839,src3/319_models/2025-06-09-FacebookAI/roberta-base-1e-06-data,200,5,50.65676522254944,0.8017094017094016,340,entropy,30,2.0
840,src3/319_models/2025-06-09-FacebookAI/roberta-base-1e-06-data,300,0,100.90760564804076,0.7507598784194528,340,gini,30,2.0
841,src3/319_models/2025-06-09-FacebookAI/roberta-base-1e-06-data,300,1,81.33088183403015,0.7808586762075135,120,gini,90,2.0
842,src3/319_models/2025-06-09-FacebookAI/roberta-base-1e-06-data,300,2,57.40774345397949,0.7172370486656202,120,log_loss,60,2.0
843,src3/319_models/2025-06-09-FacebookAI/roberta-base-1e-06-data,300,3,31.63802981376648,0.7794081735258205,230,log_loss,90,2.0
844,src3/319_models/2025-06-09-FacebookAI/roberta-base-1e-06-data,300,4,38.876526832580566,0.7457676788169789,10,entropy,30,2.0
845,src3/319_models/2025-06-09-FacebookAI/roberta-base-1e-06-data,300,5,44.77748942375183,0.7675564650250232,340,log_loss,60,2.0
846,src3/319_models/2025-06-09-FacebookAI/roberta-base-1e-06-data,100,0,45.617162227630615,0.6735961768219833,230,gini,90,3.0
847,src3/319_models/2025-06-09-FacebookAI/roberta-base-1e-06-data,100,1,50.18959641456604,0.7251474394331537,230,gini,30,3.0
848,src3/319_models/2025-06-09-FacebookAI/roberta-base-1e-06-data,100,2,45.48275876045227,0.6912753176570421,890,gini,30,3.0
849,src3/319_models/2025-06-09-FacebookAI/roberta-base-1e-06-data,100,3,31.757253170013428,0.7454849498327759,120,gini,60,3.0
850,src3/319_models/2025-06-09-FacebookAI/roberta-base-1e-06-data,100,4,35.2379789352417,0.8219618836057192,10,gini,90,3.0
851,src3/319_models/2025-06-09-FacebookAI/roberta-base-1e-06-data,100,5,29.078338384628296,0.7236174854099383,120,entropy,60,3.0
852,src3/319_models/2025-06-09-FacebookAI/roberta-base-1e-06-data,200,0,27.15022134780884,0.7465532518164096,890,entropy,30,3.0
853,src3/319_models/2025-06-09-FacebookAI/roberta-base-1e-06-data,200,1,127.6993851661682,0.8116106804478896,890,entropy,30,3.0
854,src3/319_models/2025-06-09-FacebookAI/roberta-base-1e-06-data,200,2,38.918967962265015,0.6858995630772634,10,gini,30,3.0
855,src3/319_models/2025-06-09-FacebookAI/roberta-base-1e-06-data,200,3,53.20021319389343,0.6896690879741727,780,gini,60,3.0
856,src3/319_models/2025-06-09-FacebookAI/roberta-base-1e-06-data,200,4,32.46759223937988,0.7426072845293906,10,gini,60,3.0
857,src3/319_models/2025-06-09-FacebookAI/roberta-base-1e-06-data,200,5,27.90680980682373,0.7581196581196581,10,log_loss,90,3.0
858,src3/319_models/2025-06-09-FacebookAI/roberta-base-1e-06-data,300,0,48.26908206939697,0.7623404917522564,230,gini,90,3.0
859,src3/319_models/2025-06-09-FacebookAI/roberta-base-1e-06-data,300,1,57.422292709350586,0.6883136237974948,670,log_loss,60,3.0
860,src3/319_models/2025-06-09-FacebookAI/roberta-base-1e-06-data,300,2,41.05697321891785,0.7597745044553555,120,gini,90,3.0
861,src3/319_models/2025-06-09-FacebookAI/roberta-base-1e-06-data,300,3,32.42279815673828,0.7704899930986887,10,log_loss,30,3.0
862,src3/319_models/2025-06-09-FacebookAI/roberta-base-1e-06-data,300,4,40.40042638778687,0.7076365663322184,230,gini,90,3.0
863,src3/319_models/2025-06-09-FacebookAI/roberta-base-1e-06-data,300,5,52.63481450080872,0.778743961352657,560,log_loss,90,3.0
864,src3/319_models/2025-06-09-google-bert/bert-base-uncased-1e-04-data,100,0,25.66165256500244,0.7090874811463047,120,entropy,30,1.0
865,src3/319_models/2025-06-09-google-bert/bert-base-uncased-1e-04-data,100,1,32.78630781173706,0.4468904176221249,670,gini,30,1.0
866,src3/319_models/2025-06-09-google-bert/bert-base-uncased-1e-04-data,100,2,43.144089460372925,0.4823750500905084,10,entropy,90,1.0
867,src3/319_models/2025-06-09-google-bert/bert-base-uncased-1e-04-data,100,3,60.20821928977966,0.5216384426110869,230,gini,90,1.0
868,src3/319_models/2025-06-09-google-bert/bert-base-uncased-1e-04-data,100,4,32.00005602836609,0.4863355027412167,340,gini,30,1.0
869,src3/319_models/2025-06-09-google-bert/bert-base-uncased-1e-04-data,100,5,36.89183855056763,0.4614197530864197,120,gini,90,1.0
870,src3/319_models/2025-06-09-google-bert/bert-base-uncased-1e-04-data,200,0,24.096949100494385,0.6398085159989922,120,log_loss,60,1.0
871,src3/319_models/2025-06-09-google-bert/bert-base-uncased-1e-04-data,200,1,32.043113470077515,0.5993734361896048,10,gini,60,1.0
872,src3/319_models/2025-06-09-google-bert/bert-base-uncased-1e-04-data,200,2,40.27874994277954,0.5525467440361057,10,gini,60,1.0
873,src3/319_models/2025-06-09-google-bert/bert-base-uncased-1e-04-data,200,3,41.56575322151184,0.6018909760281136,670,log_loss,30,1.0
874,src3/319_models/2025-06-09-google-bert/bert-base-uncased-1e-04-data,200,4,48.50886487960816,0.4373508175199904,230,gini,60,1.0
875,src3/319_models/2025-06-09-google-bert/bert-base-uncased-1e-04-data,200,5,28.228177785873413,0.5272750125691302,10,entropy,30,1.0
876,src3/319_models/2025-06-09-google-bert/bert-base-uncased-1e-04-data,300,0,58.62757182121277,0.668889309578399,340,entropy,30,1.0
877,src3/319_models/2025-06-09-google-bert/bert-base-uncased-1e-04-data,300,1,63.60644173622131,0.7346641144836387,340,log_loss,60,1.0
878,src3/319_models/2025-06-09-google-bert/bert-base-uncased-1e-04-data,300,2,43.1016366481781,0.6438254292027876,230,entropy,30,1.0
879,src3/319_models/2025-06-09-google-bert/bert-base-uncased-1e-04-data,300,3,32.240790128707886,0.4894642589480826,560,entropy,90,1.0
880,src3/319_models/2025-06-09-google-bert/bert-base-uncased-1e-04-data,300,4,52.94561505317688,0.5638823835545147,10,gini,90,1.0
881,src3/319_models/2025-06-09-google-bert/bert-base-uncased-1e-04-data,300,5,32.752378702163696,0.5752340752667117,10,gini,90,1.0
882,src3/319_models/2025-06-09-google-bert/bert-base-uncased-1e-04-data,100,0,48.25712132453919,0.5303381303381304,450,gini,30,2.0
883,src3/319_models/2025-06-09-google-bert/bert-base-uncased-1e-04-data,100,1,30.716880559921265,0.5436507936507936,10,gini,60,2.0
884,src3/319_models/2025-06-09-google-bert/bert-base-uncased-1e-04-data,100,2,35.53230810165405,0.5817464040025015,230,log_loss,30,2.0
885,src3/319_models/2025-06-09-google-bert/bert-base-uncased-1e-04-data,100,3,48.71829152107239,0.5041235600557634,10,gini,90,2.0
886,src3/319_models/2025-06-09-google-bert/bert-base-uncased-1e-04-data,100,4,39.52151226997376,0.4926843130323886,450,gini,90,2.0
887,src3/319_models/2025-06-09-google-bert/bert-base-uncased-1e-04-data,100,5,37.4350483417511,0.6653879686137751,340,entropy,30,2.0
888,src3/319_models/2025-06-09-google-bert/bert-base-uncased-1e-04-data,200,0,59.23906135559082,0.6048850574712644,890,entropy,30,2.0
889,src3/319_models/2025-06-09-google-bert/bert-base-uncased-1e-04-data,200,1,78.39674592018127,0.6571456431043969,780,log_loss,90,2.0
890,src3/319_models/2025-06-09-google-bert/bert-base-uncased-1e-04-data,200,2,25.505778312683105,0.5205387205387205,10,entropy,60,2.0
891,src3/319_models/2025-06-09-google-bert/bert-base-uncased-1e-04-data,200,3,55.44233918190002,0.5019201228878648,670,gini,60,2.0
892,src3/319_models/2025-06-09-google-bert/bert-base-uncased-1e-04-data,200,4,52.78733730316162,0.5157796136265995,670,log_loss,30,2.0
893,src3/319_models/2025-06-09-google-bert/bert-base-uncased-1e-04-data,200,5,67.62586832046509,0.5347923681257014,10,gini,60,2.0
894,src3/319_models/2025-06-09-google-bert/bert-base-uncased-1e-04-data,300,0,39.43328332901001,0.7249525166191834,340,entropy,30,2.0
895,src3/319_models/2025-06-09-google-bert/bert-base-uncased-1e-04-data,300,1,109.34555411338806,0.6315289648622983,120,log_loss,30,2.0
896,src3/319_models/2025-06-09-google-bert/bert-base-uncased-1e-04-data,300,2,33.550230503082275,0.7011879804332635,120,log_loss,60,2.0
897,src3/319_models/2025-06-09-google-bert/bert-base-uncased-1e-04-data,300,3,36.66801452636719,0.5419986023759608,10,entropy,90,2.0
898,src3/319_models/2025-06-09-google-bert/bert-base-uncased-1e-04-data,300,4,58.52174782752991,0.5119112565921077,450,log_loss,30,2.0
899,src3/319_models/2025-06-09-google-bert/bert-base-uncased-1e-04-data,300,5,33.0728759765625,0.6700986700986701,10,entropy,90,2.0
900,src3/319_models/2025-06-09-google-bert/bert-base-uncased-1e-04-data,100,0,45.53409385681152,0.5182058920887124,340,log_loss,30,3.0
901,src3/319_models/2025-06-09-google-bert/bert-base-uncased-1e-04-data,100,1,35.07255434989929,0.3721456818471744,10,log_loss,60,3.0
902,src3/319_models/2025-06-09-google-bert/bert-base-uncased-1e-04-data,100,2,32.287647008895874,0.6423861254049933,340,gini,90,3.0
903,src3/319_models/2025-06-09-google-bert/bert-base-uncased-1e-04-data,100,3,26.322152137756348,0.6347072879330944,120,entropy,30,3.0
904,src3/319_models/2025-06-09-google-bert/bert-base-uncased-1e-04-data,100,4,54.96699905395508,0.6489960348482607,670,log_loss,30,3.0
905,src3/319_models/2025-06-09-google-bert/bert-base-uncased-1e-04-data,100,5,38.24638652801514,0.5465150670986292,10,log_loss,90,3.0
906,src3/319_models/2025-06-09-google-bert/bert-base-uncased-1e-04-data,200,0,51.863964557647705,0.6741788958770091,120,entropy,90,3.0
907,src3/319_models/2025-06-09-google-bert/bert-base-uncased-1e-04-data,200,1,56.11787819862366,0.603242147922999,890,log_loss,60,3.0
908,src3/319_models/2025-06-09-google-bert/bert-base-uncased-1e-04-data,200,2,55.78389525413513,0.5999539912583391,120,entropy,90,3.0
909,src3/319_models/2025-06-09-google-bert/bert-base-uncased-1e-04-data,200,3,75.1516284942627,0.4531590413943355,230,log_loss,30,3.0
910,src3/319_models/2025-06-09-google-bert/bert-base-uncased-1e-04-data,200,4,41.6778872013092,0.5172605172605172,560,log_loss,90,3.0
911,src3/319_models/2025-06-09-google-bert/bert-base-uncased-1e-04-data,200,5,46.15929841995239,0.6246706192358366,10,entropy,60,3.0
912,src3/319_models/2025-06-09-google-bert/bert-base-uncased-1e-04-data,300,0,54.68994092941284,0.5792597435618031,230,entropy,60,3.0
913,src3/319_models/2025-06-09-google-bert/bert-base-uncased-1e-04-data,300,1,63.79541826248169,0.686265480551195,230,gini,30,3.0
914,src3/319_models/2025-06-09-google-bert/bert-base-uncased-1e-04-data,300,2,58.258734941482544,0.7008732571042602,120,gini,60,3.0
915,src3/319_models/2025-06-09-google-bert/bert-base-uncased-1e-04-data,300,3,71.56829595565796,0.5992862301311851,230,log_loss,90,3.0
916,src3/319_models/2025-06-09-google-bert/bert-base-uncased-1e-04-data,300,4,50.50642657279968,0.5947712418300654,560,entropy,90,3.0
917,src3/319_models/2025-06-09-google-bert/bert-base-uncased-1e-04-data,300,5,37.05083179473877,0.6117522300542699,450,log_loss,60,3.0
918,src3/319_models/2025-06-09-google-bert/bert-base-uncased-1e-05-data,100,0,36.91967248916626,0.5426455026455027,450,gini,30,1.0
919,src3/319_models/2025-06-09-google-bert/bert-base-uncased-1e-05-data,100,1,65.65877389907837,0.6813234384662956,340,gini,90,1.0
920,src3/319_models/2025-06-09-google-bert/bert-base-uncased-1e-05-data,100,2,42.17650485038757,0.7176533090467516,890,log_loss,90,1.0
921,src3/319_models/2025-06-09-google-bert/bert-base-uncased-1e-05-data,100,3,29.536290884017944,0.6240231932983246,10,gini,60,1.0
922,src3/319_models/2025-06-09-google-bert/bert-base-uncased-1e-05-data,100,4,49.656845808029175,0.6246274026107513,340,gini,90,1.0
923,src3/319_models/2025-06-09-google-bert/bert-base-uncased-1e-05-data,100,5,30.949108123779297,0.6204490424829407,340,log_loss,30,1.0
924,src3/319_models/2025-06-09-google-bert/bert-base-uncased-1e-05-data,200,0,42.736387729644775,0.5543602923903882,230,entropy,90,1.0
925,src3/319_models/2025-06-09-google-bert/bert-base-uncased-1e-05-data,200,1,32.930837869644165,0.568990155604954,450,entropy,60,1.0
926,src3/319_models/2025-06-09-google-bert/bert-base-uncased-1e-05-data,200,2,35.275442123413086,0.6897646414887794,340,log_loss,90,1.0
927,src3/319_models/2025-06-09-google-bert/bert-base-uncased-1e-05-data,200,3,25.382362365722656,0.6884147598433312,10,gini,30,1.0
928,src3/319_models/2025-06-09-google-bert/bert-base-uncased-1e-05-data,200,4,28.5158920288086,0.6666666666666666,120,log_loss,60,1.0
929,src3/319_models/2025-06-09-google-bert/bert-base-uncased-1e-05-data,200,5,31.88982582092285,0.7347764181506778,230,entropy,60,1.0
930,src3/319_models/2025-06-09-google-bert/bert-base-uncased-1e-05-data,300,0,81.636399269104,0.6466108966108967,780,gini,30,1.0
931,src3/319_models/2025-06-09-google-bert/bert-base-uncased-1e-05-data,300,1,50.668315410614014,0.7312711248021221,230,entropy,90,1.0
932,src3/319_models/2025-06-09-google-bert/bert-base-uncased-1e-05-data,300,2,35.264771938323975,0.6239465999165624,10,log_loss,90,1.0
933,src3/319_models/2025-06-09-google-bert/bert-base-uncased-1e-05-data,300,3,49.15947151184082,0.7890921000722032,120,gini,90,1.0
934,src3/319_models/2025-06-09-google-bert/bert-base-uncased-1e-05-data,300,4,52.70465755462647,0.5830309527736545,340,log_loss,60,1.0
935,src3/319_models/2025-06-09-google-bert/bert-base-uncased-1e-05-data,300,5,44.97685718536377,0.6310344827586207,120,log_loss,60,1.0
936,src3/319_models/2025-06-09-google-bert/bert-base-uncased-1e-05-data,100,0,33.71114683151245,0.5930595720069404,120,gini,90,2.0
937,src3/319_models/2025-06-09-google-bert/bert-base-uncased-1e-05-data,100,1,38.25643515586853,0.7085858585858587,10,entropy,60,2.0
938,src3/319_models/2025-06-09-google-bert/bert-base-uncased-1e-05-data,100,2,50.0350501537323,0.7182389937106919,120,entropy,30,2.0
939,src3/319_models/2025-06-09-google-bert/bert-base-uncased-1e-05-data,100,3,37.014354944229126,0.6724924012158056,230,log_loss,30,2.0
940,src3/319_models/2025-06-09-google-bert/bert-base-uncased-1e-05-data,100,4,29.08587551116944,0.6302256009573083,120,entropy,60,2.0
941,src3/319_models/2025-06-09-google-bert/bert-base-uncased-1e-05-data,100,5,23.81645536422729,0.6931835360406788,10,entropy,30,2.0
942,src3/319_models/2025-06-09-google-bert/bert-base-uncased-1e-05-data,200,0,32.97263813018799,0.5929854096520764,120,log_loss,90,2.0
943,src3/319_models/2025-06-09-google-bert/bert-base-uncased-1e-05-data,200,1,63.59135746955872,0.6560657636855595,340,entropy,60,2.0
944,src3/319_models/2025-06-09-google-bert/bert-base-uncased-1e-05-data,200,2,81.28639268875122,0.6563545150501672,780,log_loss,30,2.0
945,src3/319_models/2025-06-09-google-bert/bert-base-uncased-1e-05-data,200,3,86.48217797279358,0.7327260179434093,780,log_loss,30,2.0
946,src3/319_models/2025-06-09-google-bert/bert-base-uncased-1e-05-data,200,4,40.20608186721802,0.6394444444444445,230,entropy,60,2.0
947,src3/319_models/2025-06-09-google-bert/bert-base-uncased-1e-05-data,200,5,74.07311248779297,0.705972581727543,10,entropy,60,2.0
948,src3/319_models/2025-06-09-google-bert/bert-base-uncased-1e-05-data,300,0,89.81413102149963,0.6361717301383539,450,gini,90,2.0
949,src3/319_models/2025-06-09-google-bert/bert-base-uncased-1e-05-data,300,1,71.6952645778656,0.74135903097336,230,log_loss,30,2.0
950,src3/319_models/2025-06-09-google-bert/bert-base-uncased-1e-05-data,300,2,57.37700748443604,0.7222222222222222,10,entropy,60,2.0
951,src3/319_models/2025-06-09-google-bert/bert-base-uncased-1e-05-data,300,3,34.267733573913574,0.6745238095238095,230,gini,60,2.0
952,src3/319_models/2025-06-09-google-bert/bert-base-uncased-1e-05-data,300,4,50.23629760742188,0.7003661415426121,560,entropy,60,2.0
953,src3/319_models/2025-06-09-google-bert/bert-base-uncased-1e-05-data,300,5,53.80227160453797,0.7421436588103255,120,gini,30,2.0
954,src3/319_models/2025-06-09-google-bert/bert-base-uncased-1e-05-data,100,0,74.55731081962585,0.6170940170940171,670,gini,90,3.0
955,src3/319_models/2025-06-09-google-bert/bert-base-uncased-1e-05-data,100,1,48.898457527160645,0.6510079641612743,230,gini,90,3.0
956,src3/319_models/2025-06-09-google-bert/bert-base-uncased-1e-05-data,100,2,66.41553950309753,0.6320321469575201,780,log_loss,90,3.0
957,src3/319_models/2025-06-09-google-bert/bert-base-uncased-1e-05-data,100,3,16.456780433654785,0.6016403562924421,120,gini,60,3.0
958,src3/319_models/2025-06-09-google-bert/bert-base-uncased-1e-05-data,100,4,41.6039628982544,0.6807488807488807,890,entropy,30,3.0
959,src3/319_models/2025-06-09-google-bert/bert-base-uncased-1e-05-data,100,5,52.84322571754456,0.554626840341126,120,log_loss,30,3.0
960,src3/319_models/2025-06-09-google-bert/bert-base-uncased-1e-05-data,200,0,55.61089897155762,0.7036036036036037,230,entropy,90,3.0
961,src3/319_models/2025-06-09-google-bert/bert-base-uncased-1e-05-data,200,1,44.34037590026856,0.5282959934122725,10,log_loss,30,3.0
962,src3/319_models/2025-06-09-google-bert/bert-base-uncased-1e-05-data,200,2,44.682297229766846,0.6718954248366013,670,log_loss,90,3.0
963,src3/319_models/2025-06-09-google-bert/bert-base-uncased-1e-05-data,200,3,60.2866325378418,0.7054834054834055,10,gini,30,3.0
964,src3/319_models/2025-06-09-google-bert/bert-base-uncased-1e-05-data,200,4,51.05554485321045,0.603638726445744,450,gini,60,3.0
965,src3/319_models/2025-06-09-google-bert/bert-base-uncased-1e-05-data,200,5,64.44389057159424,0.7690634568683349,120,gini,90,3.0
966,src3/319_models/2025-06-09-google-bert/bert-base-uncased-1e-05-data,300,0,67.66838049888611,0.6470422852001799,890,log_loss,30,3.0
967,src3/319_models/2025-06-09-google-bert/bert-base-uncased-1e-05-data,300,1,45.22904229164124,0.5777400703871292,120,log_loss,30,3.0
968,src3/319_models/2025-06-09-google-bert/bert-base-uncased-1e-05-data,300,2,37.427327394485474,0.6977777777777777,230,gini,60,3.0
969,src3/319_models/2025-06-09-google-bert/bert-base-uncased-1e-05-data,300,3,102.3349404335022,0.5975458741416187,560,entropy,30,3.0
970,src3/319_models/2025-06-09-google-bert/bert-base-uncased-1e-05-data,300,4,56.965229511260986,0.7497848045674133,120,gini,90,3.0
971,src3/319_models/2025-06-09-google-bert/bert-base-uncased-1e-05-data,300,5,34.770554542541504,0.6298417894162576,10,gini,60,3.0
972,src3/319_models/2025-06-09-google-bert/bert-base-uncased-5e-05-data,100,0,50.370527267456055,0.5486782720825274,560,log_loss,60,1.0
973,src3/319_models/2025-06-09-google-bert/bert-base-uncased-5e-05-data,100,1,31.605535984039307,0.6410375089620372,120,log_loss,30,1.0
974,src3/319_models/2025-06-09-google-bert/bert-base-uncased-5e-05-data,100,2,56.94429278373718,0.6724791777423356,670,log_loss,90,1.0
975,src3/319_models/2025-06-09-google-bert/bert-base-uncased-5e-05-data,100,3,42.55948758125305,0.6591710942838417,230,entropy,90,1.0
976,src3/319_models/2025-06-09-google-bert/bert-base-uncased-5e-05-data,100,4,51.52751612663269,0.6283003105247394,670,gini,60,1.0
977,src3/319_models/2025-06-09-google-bert/bert-base-uncased-5e-05-data,100,5,43.16032195091248,0.6777544197725515,120,entropy,90,1.0
978,src3/319_models/2025-06-09-google-bert/bert-base-uncased-5e-05-data,200,0,27.83735680580139,0.6669286439401381,120,log_loss,30,1.0
979,src3/319_models/2025-06-09-google-bert/bert-base-uncased-5e-05-data,200,1,28.972103118896484,0.624454668319293,10,entropy,30,1.0
980,src3/319_models/2025-06-09-google-bert/bert-base-uncased-5e-05-data,200,2,38.53056478500366,0.6324381832856409,670,entropy,30,1.0
981,src3/319_models/2025-06-09-google-bert/bert-base-uncased-5e-05-data,200,3,58.82669186592102,0.560244320174986,340,log_loss,60,1.0
982,src3/319_models/2025-06-09-google-bert/bert-base-uncased-5e-05-data,200,4,36.71578240394592,0.7475327992569372,120,gini,30,1.0
983,src3/319_models/2025-06-09-google-bert/bert-base-uncased-5e-05-data,200,5,53.78800845146179,0.7609977324263039,560,log_loss,60,1.0
984,src3/319_models/2025-06-09-google-bert/bert-base-uncased-5e-05-data,300,0,109.38746809959412,0.6427786638312954,890,log_loss,30,1.0
985,src3/319_models/2025-06-09-google-bert/bert-base-uncased-5e-05-data,300,1,126.96380519866943,0.7191968339120732,890,entropy,60,1.0
986,src3/319_models/2025-06-09-google-bert/bert-base-uncased-5e-05-data,300,2,49.43355131149292,0.584920634920635,120,gini,30,1.0
987,src3/319_models/2025-06-09-google-bert/bert-base-uncased-5e-05-data,300,3,41.65536260604858,0.6363430220573078,340,gini,90,1.0
988,src3/319_models/2025-06-09-google-bert/bert-base-uncased-5e-05-data,300,4,98.51865029335022,0.6243948923194206,340,log_loss,90,1.0
989,src3/319_models/2025-06-09-google-bert/bert-base-uncased-5e-05-data,300,5,108.30406975746156,0.6672391360915951,670,gini,30,1.0
990,src3/319_models/2025-06-09-google-bert/bert-base-uncased-5e-05-data,100,0,64.88059282302856,0.5871794871794872,890,entropy,30,2.0
991,src3/319_models/2025-06-09-google-bert/bert-base-uncased-5e-05-data,100,1,76.39197063446045,0.5774042950513538,450,entropy,60,2.0
992,src3/319_models/2025-06-09-google-bert/bert-base-uncased-5e-05-data,100,2,37.30840563774109,0.6867283950617283,340,entropy,60,2.0
993,src3/319_models/2025-06-09-google-bert/bert-base-uncased-5e-05-data,100,3,30.28377842903137,0.5655555555555556,120,gini,90,2.0
994,src3/319_models/2025-06-09-google-bert/bert-base-uncased-5e-05-data,100,4,57.58139801025391,0.713779622902612,120,entropy,30,2.0
995,src3/319_models/2025-06-09-google-bert/bert-base-uncased-5e-05-data,100,5,45.51954650878906,0.6475644500034744,10,entropy,90,2.0
996,src3/319_models/2025-06-09-google-bert/bert-base-uncased-5e-05-data,200,0,56.66465783119202,0.6186974789915967,890,log_loss,90,2.0
997,src3/319_models/2025-06-09-google-bert/bert-base-uncased-5e-05-data,200,1,39.77545928955078,0.7120677990243207,120,gini,30,2.0
998,src3/319_models/2025-06-09-google-bert/bert-base-uncased-5e-05-data,200,2,90.99517679214478,0.6010791913664691,340,gini,90,2.0
999,src3/319_models/2025-06-09-google-bert/bert-base-uncased-5e-05-data,200,3,41.85149765014648,0.6395571700397855,450,log_loss,60,2.0
1000,src3/319_models/2025-06-09-google-bert/bert-base-uncased-5e-05-data,200,4,44.87369513511658,0.7645932177796851,120,log_loss,90,2.0
1001,src3/319_models/2025-06-09-google-bert/bert-base-uncased-5e-05-data,200,5,33.069912910461426,0.5586814435919295,450,entropy,60,2.0
1002,src3/319_models/2025-06-09-google-bert/bert-base-uncased-5e-05-data,300,0,143.58235931396484,0.6952662513638123,890,gini,90,2.0
1003,src3/319_models/2025-06-09-google-bert/bert-base-uncased-5e-05-data,300,1,47.75324535369873,0.5766359244620114,670,log_loss,90,2.0
1004,src3/319_models/2025-06-09-google-bert/bert-base-uncased-5e-05-data,300,2,50.58494472503662,0.6688993546136404,340,entropy,60,2.0
1005,src3/319_models/2025-06-09-google-bert/bert-base-uncased-5e-05-data,300,3,50.64582395553589,0.7229768410096279,340,log_loss,30,2.0
1006,src3/319_models/2025-06-09-google-bert/bert-base-uncased-5e-05-data,300,4,70.60915279388428,0.6362868441314765,780,log_loss,90,2.0
1007,src3/319_models/2025-06-09-google-bert/bert-base-uncased-5e-05-data,300,5,69.92332053184509,0.7358452950558213,120,log_loss,30,2.0
1008,src3/319_models/2025-06-09-google-bert/bert-base-uncased-5e-05-data,100,0,18.23972749710083,0.4894716394716394,780,entropy,90,3.0
1009,src3/319_models/2025-06-09-google-bert/bert-base-uncased-5e-05-data,100,1,44.02507495880127,0.7578014184397164,560,gini,30,3.0
1010,src3/319_models/2025-06-09-google-bert/bert-base-uncased-5e-05-data,100,2,56.54132604598999,0.6758974358974359,230,log_loss,90,3.0
1011,src3/319_models/2025-06-09-google-bert/bert-base-uncased-5e-05-data,100,3,34.24354410171509,0.6671445639187574,560,gini,90,3.0
1012,src3/319_models/2025-06-09-google-bert/bert-base-uncased-5e-05-data,100,4,90.02243089675903,0.6414141414141414,340,log_loss,60,3.0
1013,src3/319_models/2025-06-09-google-bert/bert-base-uncased-5e-05-data,100,5,46.14754366874695,0.4521589521589522,340,gini,30,3.0
1014,src3/319_models/2025-06-09-google-bert/bert-base-uncased-5e-05-data,200,0,94.3721489906311,0.6812419608895125,670,log_loss,60,3.0
1015,src3/319_models/2025-06-09-google-bert/bert-base-uncased-5e-05-data,200,1,72.46429371833801,0.7161246612466124,670,log_loss,60,3.0
1016,src3/319_models/2025-06-09-google-bert/bert-base-uncased-5e-05-data,200,2,54.26896500587464,0.6771929824561402,340,log_loss,90,3.0
1017,src3/319_models/2025-06-09-google-bert/bert-base-uncased-5e-05-data,200,3,30.099372386932373,0.8126446058649449,120,gini,30,3.0
1018,src3/319_models/2025-06-09-google-bert/bert-base-uncased-5e-05-data,200,4,117.00401616096497,0.7185185185185184,890,entropy,90,3.0
1019,src3/319_models/2025-06-09-google-bert/bert-base-uncased-5e-05-data,200,5,77.17663216590881,0.6698073567638785,120,gini,60,3.0
1020,src3/319_models/2025-06-09-google-bert/bert-base-uncased-5e-05-data,300,0,46.50024032592773,0.640975935828877,120,gini,60,3.0
1021,src3/319_models/2025-06-09-google-bert/bert-base-uncased-5e-05-data,300,1,71.87223172187805,0.6785602894392117,340,entropy,90,3.0
1022,src3/319_models/2025-06-09-google-bert/bert-base-uncased-5e-05-data,300,2,70.97288513183594,0.8034290271132377,450,gini,60,3.0
1023,src3/319_models/2025-06-09-google-bert/bert-base-uncased-5e-05-data,300,3,42.88854384422302,0.749164181801753,890,gini,90,3.0
1024,src3/319_models/2025-06-09-google-bert/bert-base-uncased-5e-05-data,300,4,50.77036094665527,0.7693840579710146,780,entropy,60,3.0
1025,src3/319_models/2025-06-09-google-bert/bert-base-uncased-5e-05-data,300,5,53.61144709587097,0.6036803456984773,780,log_loss,90,3.0
1026,src3/319_models/2025-06-09-google-bert/bert-base-uncased-1e-06-data,100,0,51.03021121025085,0.5016782091002977,120,gini,30,1.0
1027,src3/319_models/2025-06-09-google-bert/bert-base-uncased-1e-06-data,100,1,43.72272181510925,0.491098567086409,120,log_loss,60,1.0
1028,src3/319_models/2025-06-09-google-bert/bert-base-uncased-1e-06-data,100,2,39.690446853637695,0.5691882740800143,230,gini,30,1.0
1029,src3/319_models/2025-06-09-google-bert/bert-base-uncased-1e-06-data,100,3,33.01184701919556,0.5394479385045423,10,gini,30,1.0
1030,src3/319_models/2025-06-09-google-bert/bert-base-uncased-1e-06-data,100,4,28.93219804763794,0.5859010270774977,10,gini,90,1.0
1031,src3/319_models/2025-06-09-google-bert/bert-base-uncased-1e-06-data,100,5,20.24607992172241,0.5748733535967578,10,entropy,90,1.0
1032,src3/319_models/2025-06-09-google-bert/bert-base-uncased-1e-06-data,200,0,71.27558422088623,0.6526878404769246,230,entropy,60,1.0
1033,src3/319_models/2025-06-09-google-bert/bert-base-uncased-1e-06-data,200,1,74.26758003234863,0.6025252525252526,10,entropy,30,1.0
1034,src3/319_models/2025-06-09-google-bert/bert-base-uncased-1e-06-data,200,2,65.24228024482727,0.5815863032844165,10,gini,90,1.0
1035,src3/319_models/2025-06-09-google-bert/bert-base-uncased-1e-06-data,200,3,41.16037845611572,0.695602281316567,10,entropy,60,1.0
1036,src3/319_models/2025-06-09-google-bert/bert-base-uncased-1e-06-data,200,4,36.106295108795166,0.4602988736478197,670,gini,90,1.0
1037,src3/319_models/2025-06-09-google-bert/bert-base-uncased-1e-06-data,200,5,155.47722816467285,0.6955767978894712,10,entropy,60,1.0
1038,src3/319_models/2025-06-09-google-bert/bert-base-uncased-1e-06-data,300,0,35.52796244621277,0.6419986023759608,10,gini,60,1.0
1039,src3/319_models/2025-06-09-google-bert/bert-base-uncased-1e-06-data,300,1,40.25171995162964,0.6764207221350079,230,entropy,90,1.0
1040,src3/319_models/2025-06-09-google-bert/bert-base-uncased-1e-06-data,300,2,93.63277578353882,0.6482652613087395,670,gini,30,1.0
1041,src3/319_models/2025-06-09-google-bert/bert-base-uncased-1e-06-data,300,3,29.33616852760315,0.559109386929696,120,gini,90,1.0
1042,src3/319_models/2025-06-09-google-bert/bert-base-uncased-1e-06-data,300,4,31.058141469955444,0.6880582831802343,10,gini,30,1.0
1043,src3/319_models/2025-06-09-google-bert/bert-base-uncased-1e-06-data,300,5,38.032784938812256,0.6260289974575689,10,log_loss,60,1.0
1044,src3/319_models/2025-06-09-google-bert/bert-base-uncased-1e-06-data,100,0,31.64640784263611,0.5877248677248678,120,log_loss,60,2.0
1045,src3/319_models/2025-06-09-google-bert/bert-base-uncased-1e-06-data,100,1,25.39568042755127,0.4527131782945736,10,gini,90,2.0
1046,src3/319_models/2025-06-09-google-bert/bert-base-uncased-1e-06-data,100,2,35.5486786365509,0.5781497036433412,10,log_loss,60,2.0
1047,src3/319_models/2025-06-09-google-bert/bert-base-uncased-1e-06-data,100,3,30.562883853912357,0.6329315017288104,340,entropy,60,2.0
1048,src3/319_models/2025-06-09-google-bert/bert-base-uncased-1e-06-data,100,4,25.22022080421448,0.6211939321183019,10,gini,30,2.0
1049,src3/319_models/2025-06-09-google-bert/bert-base-uncased-1e-06-data,100,5,29.71386218070984,0.7529741863075197,120,entropy,30,2.0
1050,src3/319_models/2025-06-09-google-bert/bert-base-uncased-1e-06-data,200,0,41.35063886642456,0.5318396226415094,780,entropy,90,2.0
1051,src3/319_models/2025-06-09-google-bert/bert-base-uncased-1e-06-data,200,1,34.48978924751282,0.520784720421744,120,entropy,30,2.0
1052,src3/319_models/2025-06-09-google-bert/bert-base-uncased-1e-06-data,200,2,30.70280432701111,0.5628070175438596,10,entropy,90,2.0
1053,src3/319_models/2025-06-09-google-bert/bert-base-uncased-1e-06-data,200,3,66.79718160629272,0.6675925925925926,10,entropy,30,2.0
1054,src3/319_models/2025-06-09-google-bert/bert-base-uncased-1e-06-data,200,4,53.69221115112305,0.5850157209582432,10,entropy,90,2.0
1055,src3/319_models/2025-06-09-google-bert/bert-base-uncased-1e-06-data,200,5,19.207512378692627,0.657294364286595,10,gini,60,2.0
1056,src3/319_models/2025-06-09-google-bert/bert-base-uncased-1e-06-data,300,0,59.83327436447144,0.5039442039442039,10,log_loss,30,2.0
1057,src3/319_models/2025-06-09-google-bert/bert-base-uncased-1e-06-data,300,1,45.36801695823669,0.492942162845676,120,gini,90,2.0
1058,src3/319_models/2025-06-09-google-bert/bert-base-uncased-1e-06-data,300,2,43.99035978317261,0.6141802641802642,120,gini,30,2.0
1059,src3/319_models/2025-06-09-google-bert/bert-base-uncased-1e-06-data,300,3,82.61277508735657,0.6618174064367911,780,log_loss,90,2.0
1060,src3/319_models/2025-06-09-google-bert/bert-base-uncased-1e-06-data,300,4,28.88011121749878,0.633256704980843,10,log_loss,60,2.0
1061,src3/319_models/2025-06-09-google-bert/bert-base-uncased-1e-06-data,300,5,42.61826920509338,0.6498240321769734,230,log_loss,90,2.0
1062,src3/319_models/2025-06-09-google-bert/bert-base-uncased-1e-06-data,100,0,46.587547302246094,0.5754689754689754,450,log_loss,30,3.0
1063,src3/319_models/2025-06-09-google-bert/bert-base-uncased-1e-06-data,100,1,41.28760313987732,0.5366838997655168,10,gini,60,3.0
1064,src3/319_models/2025-06-09-google-bert/bert-base-uncased-1e-06-data,100,2,39.96376895904541,0.5322355064290548,120,entropy,90,3.0
1065,src3/319_models/2025-06-09-google-bert/bert-base-uncased-1e-06-data,100,3,21.55570960044861,0.4737371776900793,120,log_loss,30,3.0
1066,src3/319_models/2025-06-09-google-bert/bert-base-uncased-1e-06-data,100,4,21.62490177154541,0.5873420590401722,10,log_loss,60,3.0
1067,src3/319_models/2025-06-09-google-bert/bert-base-uncased-1e-06-data,100,5,74.00790166854858,0.7110530137981118,10,log_loss,60,3.0
1068,src3/319_models/2025-06-09-google-bert/bert-base-uncased-1e-06-data,200,0,37.63244581222534,0.5756256322294058,120,gini,90,3.0
1069,src3/319_models/2025-06-09-google-bert/bert-base-uncased-1e-06-data,200,1,87.1217029094696,0.578919117439331,10,log_loss,30,3.0
1070,src3/319_models/2025-06-09-google-bert/bert-base-uncased-1e-06-data,200,2,49.5111870765686,0.5050057758952637,670,log_loss,30,3.0
1071,src3/319_models/2025-06-09-google-bert/bert-base-uncased-1e-06-data,200,3,54.07169318199158,0.7458715212387528,340,gini,30,3.0
1072,src3/319_models/2025-06-09-google-bert/bert-base-uncased-1e-06-data,200,4,48.47452092170715,0.614539067369256,890,gini,60,3.0
1073,src3/319_models/2025-06-09-google-bert/bert-base-uncased-1e-06-data,200,5,49.312944650650024,0.5961848449653329,10,entropy,30,3.0
1074,src3/319_models/2025-06-09-google-bert/bert-base-uncased-1e-06-data,300,0,75.39121627807617,0.604961079398028,670,log_loss,30,3.0
1075,src3/319_models/2025-06-09-google-bert/bert-base-uncased-1e-06-data,300,1,86.24291682243347,0.6532941684970054,670,entropy,90,3.0
1076,src3/319_models/2025-06-09-google-bert/bert-base-uncased-1e-06-data,300,2,75.40160632133484,0.5824242424242425,10,entropy,30,3.0
1077,src3/319_models/2025-06-09-google-bert/bert-base-uncased-1e-06-data,300,3,50.710654497146606,0.4754334697058251,10,entropy,30,3.0
1078,src3/319_models/2025-06-09-google-bert/bert-base-uncased-1e-06-data,300,4,92.54436826705933,0.5666339762449603,10,gini,90,3.0
1079,src3/319_models/2025-06-09-google-bert/bert-base-uncased-1e-06-data,300,5,45.30569577217102,0.6328460462199064,10,entropy,30,3.0
